"EmployeeNumber","Attrition","Age","Department","JobRole","Gender","MaritalStatus","BusinessTravel","DistanceFromHome","Education","EducationField","EnvironmentSatisfaction","JobInvolvement","JobLevel","JobSatisfaction","MonthlyIncome","NumCompaniesWorked","OverTime","PercentSalaryHike","PerformanceRating","RelationshipSatisfaction","StockOptionLevel","TotalWorkingYears","TrainingTimesLastYear","WorkLifeBalance","YearsAtCompany","YearsInCurrentRole","YearsSinceLastPromotion","YearsWithCurrManager","AgeBand","TenureBand","IncomeBand","DistanceBand","PromotionWaitBand","AttritionFlag"
1,"Yes",41,"Sales","Sales Executive","Female","Single","Travel_Rarely",1,2,"Life Sciences",2,3,2,4,5993,8,"Yes",11,3,1,0,8,0,1,6,4,0,5,"35-44","6-10 years","5000-6999","1-5","0-1 years",1
2,"No",49,"Research & Development","Research Scientist","Male","Married","Travel_Frequently",8,1,"Life Sciences",3,2,2,2,5130,1,"No",23,4,4,1,10,3,3,10,7,1,7,"45-54","6-10 years","5000-6999","6-10","0-1 years",0
4,"Yes",37,"Research & Development","Laboratory Technician","Male","Single","Travel_Rarely",2,2,"Other",4,2,1,3,2090,6,"Yes",15,3,2,0,7,3,3,0,0,0,0,"35-44","Under 1 year","Under 3000","1-5","0-1 years",1
5,"No",33,"Research & Development","Research Scientist","Female","Married","Travel_Frequently",3,4,"Life Sciences",4,3,1,3,2909,1,"Yes",11,3,3,0,8,3,3,8,7,3,0,"25-34","6-10 years","Under 3000","1-5","2-3 years",0
7,"No",27,"Research & Development","Laboratory Technician","Male","Married","Travel_Rarely",2,1,"Medical",1,3,1,2,3468,9,"No",12,3,4,1,6,3,3,2,2,2,2,"25-34","1-2 years","3000-4999","1-5","2-3 years",0
8,"No",32,"Research & Development","Laboratory Technician","Male","Single","Travel_Frequently",2,2,"Life Sciences",4,3,1,4,3068,0,"No",13,3,3,0,8,2,2,7,7,3,6,"25-34","6-10 years","3000-4999","1-5","2-3 years",0
10,"No",59,"Research & Development","Laboratory Technician","Female","Married","Travel_Rarely",3,3,"Medical",3,4,1,1,2670,4,"Yes",20,4,1,3,12,3,2,1,0,0,0,"55+","1-2 years","Under 3000","1-5","0-1 years",0
11,"No",30,"Research & Development","Laboratory Technician","Male","Divorced","Travel_Rarely",24,1,"Life Sciences",4,3,1,3,2693,1,"No",22,4,2,1,1,2,3,1,0,0,0,"25-34","1-2 years","Under 3000","21+","0-1 years",0
12,"No",38,"Research & Development","Manufacturing Director","Male","Single","Travel_Frequently",23,3,"Life Sciences",4,2,3,3,9526,0,"No",21,4,2,0,10,2,3,9,7,1,8,"35-44","6-10 years","7000-9999","21+","0-1 years",0
13,"No",36,"Research & Development","Healthcare Representative","Male","Married","Travel_Rarely",27,3,"Medical",3,3,2,3,5237,6,"No",13,3,2,2,17,3,2,7,7,7,7,"35-44","6-10 years","5000-6999","21+","6+ years",0
14,"No",35,"Research & Development","Laboratory Technician","Male","Married","Travel_Rarely",16,3,"Medical",1,4,1,2,2426,0,"No",13,3,3,1,6,5,3,5,4,0,3,"35-44","3-5 years","Under 3000","11-20","0-1 years",0
15,"No",29,"Research & Development","Laboratory Technician","Female","Single","Travel_Rarely",15,2,"Life Sciences",4,2,2,3,4193,0,"Yes",12,3,4,0,10,3,3,9,5,0,8,"25-34","6-10 years","3000-4999","11-20","0-1 years",0
16,"No",31,"Research & Development","Research Scientist","Male","Divorced","Travel_Rarely",26,1,"Life Sciences",1,3,1,3,2911,1,"No",17,3,4,1,5,1,2,5,2,4,3,"25-34","3-5 years","Under 3000","21+","4-5 years",0
18,"No",34,"Research & Development","Laboratory Technician","Male","Divorced","Travel_Rarely",19,2,"Medical",2,3,1,4,2661,0,"No",11,3,3,1,3,2,3,2,2,1,2,"25-34","1-2 years","Under 3000","11-20","0-1 years",0
19,"Yes",28,"Research & Development","Laboratory Technician","Male","Single","Travel_Rarely",24,3,"Life Sciences",3,2,1,3,2028,5,"Yes",14,3,2,0,6,4,3,4,2,0,3,"25-34","3-5 years","Under 3000","21+","0-1 years",1
20,"No",29,"Research & Development","Manufacturing Director","Female","Divorced","Travel_Rarely",21,4,"Life Sciences",2,4,3,1,9980,1,"No",11,3,3,1,10,1,3,10,9,8,8,"25-34","6-10 years","7000-9999","21+","6+ years",0
21,"No",32,"Research & Development","Research Scientist","Male","Divorced","Travel_Rarely",5,2,"Life Sciences",1,4,1,2,3298,0,"Yes",12,3,4,2,7,5,2,6,2,0,5,"25-34","6-10 years","3000-4999","1-5","0-1 years",0
22,"No",22,"Research & Development","Laboratory Technician","Male","Divorced","Non-Travel",16,2,"Medical",4,4,1,4,2935,1,"Yes",13,3,2,2,1,2,2,1,0,0,0,"Under 25","1-2 years","Under 3000","11-20","0-1 years",0
23,"No",53,"Sales","Manager","Female","Married","Travel_Rarely",2,4,"Life Sciences",1,2,4,4,15427,2,"No",16,3,3,0,31,3,3,25,8,3,7,"45-54","10+ years","10000+","1-5","2-3 years",0
24,"No",38,"Research & Development","Research Scientist","Male","Single","Travel_Rarely",2,3,"Life Sciences",4,3,1,4,3944,5,"Yes",11,3,3,0,6,3,3,3,2,1,2,"35-44","3-5 years","3000-4999","1-5","0-1 years",0
26,"No",24,"Research & Development","Manufacturing Director","Female","Divorced","Non-Travel",11,2,"Other",1,4,2,3,4011,0,"No",18,3,4,1,5,5,2,4,2,1,3,"Under 25","3-5 years","3000-4999","11-20","0-1 years",0
27,"Yes",36,"Sales","Sales Representative","Male","Single","Travel_Rarely",9,4,"Life Sciences",3,2,1,1,3407,7,"No",23,4,2,0,10,4,3,5,3,0,3,"35-44","3-5 years","3000-4999","6-10","0-1 years",1
28,"No",34,"Research & Development","Research Director","Female","Single","Travel_Rarely",7,4,"Life Sciences",1,3,3,2,11994,0,"No",11,3,3,0,13,4,3,12,6,2,11,"25-34","10+ years","10000+","6-10","2-3 years",0
30,"No",21,"Research & Development","Research Scientist","Male","Single","Travel_Rarely",15,2,"Life Sciences",3,3,1,4,1232,1,"No",14,3,4,0,0,6,3,0,0,0,0,"Under 25","Under 1 year","Under 3000","11-20","0-1 years",0
31,"Yes",34,"Research & Development","Research Scientist","Male","Single","Travel_Rarely",6,1,"Medical",2,3,1,1,2960,2,"No",11,3,3,0,8,2,3,4,2,1,3,"25-34","3-5 years","Under 3000","6-10","0-1 years",1
32,"No",53,"Research & Development","Manager","Female","Divorced","Travel_Rarely",5,3,"Other",3,3,5,3,19094,4,"No",11,3,4,1,26,3,2,14,13,4,8,"45-54","10+ years","10000+","1-5","4-5 years",0
33,"Yes",32,"Research & Development","Research Scientist","Female","Single","Travel_Frequently",16,1,"Life Sciences",2,1,1,1,3919,1,"Yes",22,4,2,0,10,5,3,10,2,6,7,"25-34","6-10 years","3000-4999","11-20","6+ years",1
35,"No",42,"Sales","Sales Executive","Male","Married","Travel_Rarely",8,4,"Marketing",3,3,2,2,6825,0,"No",11,3,4,1,10,2,3,9,7,4,2,"35-44","6-10 years","5000-6999","6-10","4-5 years",0
36,"No",44,"Research & Development","Healthcare Representative","Female","Married","Travel_Rarely",7,4,"Medical",1,2,3,4,10248,3,"No",14,3,4,1,24,4,3,22,6,5,17,"35-44","10+ years","10000+","6-10","4-5 years",0
38,"No",46,"Sales","Manager","Female","Single","Travel_Rarely",2,4,"Marketing",2,3,5,1,18947,3,"No",12,3,4,0,22,2,2,2,2,2,1,"45-54","1-2 years","10000+","1-5","2-3 years",0
39,"No",33,"Research & Development","Laboratory Technician","Male","Single","Travel_Rarely",2,3,"Medical",3,3,1,4,2496,4,"No",11,3,4,0,7,3,3,1,1,0,0,"25-34","1-2 years","Under 3000","1-5","0-1 years",0
40,"No",44,"Research & Development","Healthcare Representative","Male","Married","Travel_Rarely",10,4,"Other",4,3,2,4,6465,2,"Yes",13,3,4,0,9,5,4,4,2,1,3,"35-44","3-5 years","5000-6999","6-10","0-1 years",0
41,"No",30,"Research & Development","Laboratory Technician","Male","Single","Travel_Rarely",9,2,"Medical",4,2,1,3,2206,1,"No",13,3,1,0,10,5,3,10,0,1,8,"25-34","6-10 years","Under 3000","6-10","0-1 years",0
42,"Yes",39,"Sales","Sales Representative","Male","Married","Travel_Rarely",5,3,"Technical Degree",4,3,2,4,2086,3,"No",14,3,3,1,19,6,4,1,0,0,0,"35-44","1-2 years","Under 3000","1-5","0-1 years",1
45,"Yes",24,"Research & Development","Research Scientist","Male","Married","Travel_Rarely",1,3,"Medical",2,3,1,4,2293,2,"Yes",16,3,1,1,6,2,2,2,0,2,0,"Under 25","1-2 years","Under 3000","1-5","2-3 years",1
46,"No",43,"Research & Development","Research Scientist","Female","Divorced","Travel_Rarely",2,2,"Medical",4,4,1,3,2645,1,"No",12,3,4,2,6,3,2,5,3,1,4,"35-44","3-5 years","Under 3000","1-5","0-1 years",0
47,"Yes",50,"Sales","Sales Representative","Male","Married","Travel_Rarely",3,2,"Marketing",1,2,1,3,2683,1,"Yes",14,3,3,0,3,2,3,3,2,0,2,"45-54","3-5 years","Under 3000","1-5","0-1 years",1
49,"No",35,"Sales","Sales Representative","Female","Married","Travel_Rarely",2,3,"Marketing",4,3,1,4,2014,1,"No",13,3,1,0,2,3,3,2,2,2,2,"35-44","1-2 years","Under 3000","1-5","2-3 years",0
51,"No",36,"Research & Development","Research Scientist","Female","Married","Travel_Rarely",5,4,"Life Sciences",2,2,1,1,3419,9,"Yes",14,3,4,1,6,3,4,1,1,0,0,"35-44","1-2 years","3000-4999","1-5","0-1 years",0
52,"No",33,"Sales","Sales Executive","Female","Married","Travel_Frequently",1,3,"Life Sciences",3,4,2,1,5376,2,"No",19,3,1,2,10,3,3,5,3,1,3,"25-34","3-5 years","5000-6999","1-5","0-1 years",0
53,"No",35,"Research & Development","Laboratory Technician","Male","Divorced","Travel_Rarely",4,2,"Other",3,3,1,4,1951,1,"No",12,3,3,1,1,3,3,1,0,0,0,"35-44","1-2 years","Under 3000","1-5","0-1 years",0
54,"No",27,"Research & Development","Laboratory Technician","Female","Divorced","Travel_Rarely",2,4,"Life Sciences",4,3,1,1,2341,1,"No",13,3,4,1,1,6,3,1,0,0,0,"25-34","1-2 years","Under 3000","1-5","0-1 years",0
55,"Yes",26,"Research & Development","Laboratory Technician","Male","Single","Travel_Rarely",25,3,"Life Sciences",1,1,1,3,2293,1,"No",12,3,3,0,1,2,2,1,0,0,1,"25-34","1-2 years","Under 3000","21+","0-1 years",1
56,"No",27,"Sales","Sales Executive","Male","Single","Travel_Frequently",8,3,"Life Sciences",4,3,3,3,8726,1,"No",15,3,4,0,9,0,3,9,8,1,7,"25-34","6-10 years","7000-9999","6-10","0-1 years",0
57,"No",30,"Research & Development","Laboratory Technician","Female","Single","Travel_Frequently",1,2,"Medical",3,3,2,4,4011,1,"No",23,4,4,0,12,2,3,12,8,3,7,"25-34","10+ years","3000-4999","1-5","2-3 years",0
58,"Yes",41,"Research & Development","Research Director","Female","Married","Travel_Rarely",12,3,"Technical Degree",2,3,5,3,19545,1,"No",12,3,4,0,23,0,3,22,15,15,8,"35-44","10+ years","10000+","11-20","6+ years",1
60,"No",34,"Sales","Sales Executive","Male","Single","Non-Travel",23,4,"Marketing",2,3,2,3,4568,0,"No",20,4,3,0,10,2,3,9,5,8,7,"25-34","6-10 years","3000-4999","21+","6+ years",0
61,"No",37,"Research & Development","Research Scientist","Male","Married","Travel_Rarely",19,2,"Life Sciences",2,3,1,2,3022,4,"No",21,4,1,0,8,1,3,1,0,0,0,"35-44","1-2 years","3000-4999","11-20","0-1 years",0
62,"No",46,"Sales","Sales Executive","Male","Single","Travel_Frequently",5,4,"Marketing",1,3,2,4,5772,4,"Yes",21,4,3,0,14,4,3,9,6,0,8,"45-54","6-10 years","5000-6999","1-5","0-1 years",0
63,"No",35,"Research & Development","Laboratory Technician","Male","Married","Travel_Rarely",8,1,"Life Sciences",4,4,1,4,2269,1,"No",19,3,4,0,1,2,3,1,0,0,1,"35-44","1-2 years","Under 3000","6-10","0-1 years",0
64,"Yes",48,"Research & Development","Laboratory Technician","Male","Single","Travel_Rarely",1,2,"Life Sciences",1,2,3,3,5381,9,"Yes",13,3,4,0,23,2,3,1,0,0,0,"45-54","1-2 years","5000-6999","1-5","0-1 years",1
65,"Yes",28,"Research & Development","Laboratory Technician","Male","Single","Travel_Rarely",5,4,"Technical Degree",3,3,1,3,3441,1,"Yes",13,3,3,0,2,3,2,2,2,2,2,"25-34","1-2 years","3000-4999","1-5","2-3 years",1
68,"No",44,"Sales","Sales Executive","Female","Divorced","Travel_Rarely",1,5,"Marketing",2,3,2,1,5454,5,"Yes",21,4,3,1,9,2,2,4,3,1,3,"35-44","3-5 years","5000-6999","1-5","0-1 years",0
70,"No",35,"Research & Development","Healthcare Representative","Male","Married","Non-Travel",11,2,"Medical",3,2,3,1,9884,2,"Yes",13,3,3,1,10,3,3,4,0,2,3,"35-44","3-5 years","7000-9999","11-20","2-3 years",0
72,"No",26,"Sales","Sales Executive","Female","Married","Travel_Rarely",23,3,"Marketing",3,2,2,4,4157,7,"Yes",19,3,3,1,5,2,2,2,2,0,0,"25-34","1-2 years","3000-4999","21+","0-1 years",0
73,"No",33,"Research & Development","Research Director","Female","Single","Travel_Frequently",1,2,"Life Sciences",1,3,3,4,13458,1,"Yes",12,3,3,0,15,1,3,15,14,8,12,"25-34","10+ years","10000+","1-5","6+ years",0
74,"No",35,"Sales","Sales Executive","Male","Married","Travel_Frequently",18,5,"Life Sciences",2,3,3,1,9069,1,"No",22,4,4,1,9,3,2,9,8,1,8,"35-44","6-10 years","7000-9999","11-20","0-1 years",0
75,"No",35,"Research & Development","Laboratory Technician","Female","Married","Travel_Rarely",23,4,"Medical",3,3,1,1,4014,3,"Yes",15,3,3,1,4,3,3,2,2,2,2,"35-44","1-2 years","3000-4999","21+","2-3 years",0
76,"No",31,"Research & Development","Laboratory Technician","Male","Divorced","Travel_Rarely",7,4,"Life Sciences",4,3,2,4,5915,3,"No",22,4,4,1,10,3,2,7,7,1,7,"25-34","6-10 years","5000-6999","6-10","0-1 years",0
77,"No",37,"Research & Development","Manufacturing Director","Male","Divorced","Travel_Rarely",1,4,"Life Sciences",1,2,2,3,5993,1,"No",18,3,3,1,7,2,4,7,5,0,7,"35-44","6-10 years","5000-6999","1-5","0-1 years",0
78,"No",32,"Research & Development","Manufacturing Director","Male","Married","Travel_Rarely",1,3,"Medical",1,3,2,4,6162,1,"Yes",22,4,2,1,9,3,3,9,8,7,8,"25-34","6-10 years","5000-6999","1-5","6+ years",0
79,"No",38,"Research & Development","Laboratory Technician","Female","Single","Travel_Frequently",29,5,"Life Sciences",4,3,2,4,2406,1,"No",11,3,4,0,10,2,3,10,3,9,9,"35-44","6-10 years","Under 3000","21+","6+ years",0
80,"No",50,"Research & Development","Research Director","Female","Divorced","Travel_Rarely",7,2,"Medical",2,2,5,3,18740,5,"Yes",12,3,4,1,29,2,2,27,3,13,8,"45-54","10+ years","10000+","6-10","6+ years",0
81,"No",59,"Sales","Sales Executive","Female","Single","Travel_Rarely",25,3,"Life Sciences",1,3,3,1,7637,7,"No",11,3,4,0,28,3,2,21,16,7,9,"55+","10+ years","7000-9999","21+","6+ years",0
83,"No",36,"Research & Development","Healthcare Representative","Female","Divorced","Travel_Rarely",8,3,"Technical Degree",3,3,3,3,10096,1,"No",13,3,2,3,17,2,3,17,14,12,8,"35-44","10+ years","10000+","6-10","6+ years",0
84,"No",55,"Research & Development","Manager","Female","Divorced","Travel_Rarely",8,3,"Medical",4,3,4,3,14756,2,"Yes",14,3,3,3,21,2,3,5,0,0,2,"55+","3-5 years","10000+","6-10","0-1 years",0
85,"No",36,"Research & Development","Manufacturing Director","Male","Single","Travel_Frequently",11,3,"Life Sciences",2,2,2,2,6499,1,"No",13,3,3,0,6,3,3,6,5,0,3,"35-44","6-10 years","5000-6999","11-20","0-1 years",0
86,"No",45,"Research & Development","Research Scientist","Male","Divorced","Travel_Rarely",7,3,"Life Sciences",2,3,3,1,9724,2,"No",17,3,3,1,25,2,3,1,0,0,0,"45-54","1-2 years","7000-9999","6-10","0-1 years",0
88,"No",35,"Research & Development","Research Scientist","Male","Married","Travel_Frequently",1,3,"Medical",2,3,1,1,2194,4,"No",13,3,4,1,5,2,2,3,2,1,2,"35-44","3-5 years","Under 3000","1-5","0-1 years",0
90,"Yes",36,"Research & Development","Research Scientist","Male","Married","Travel_Rarely",9,3,"Medical",4,2,1,3,3388,0,"Yes",17,3,1,1,2,0,2,1,0,0,0,"35-44","1-2 years","3000-4999","6-10","0-1 years",1
91,"No",59,"Sales","Sales Executive","Female","Single","Travel_Frequently",1,1,"Life Sciences",1,2,2,3,5473,7,"No",11,3,4,0,20,2,2,4,3,1,3,"55+","3-5 years","5000-6999","1-5","0-1 years",0
94,"No",29,"Research & Development","Research Scientist","Male","Married","Travel_Rarely",2,3,"Life Sciences",3,3,1,2,2703,0,"No",23,4,4,1,6,3,3,5,4,0,4,"25-34","3-5 years","Under 3000","1-5","0-1 years",0
95,"No",31,"Research & Development","Research Scientist","Male","Single","Travel_Rarely",1,4,"Medical",3,3,1,2,2501,1,"No",17,3,2,0,1,4,3,1,1,1,0,"25-34","1-2 years","Under 3000","1-5","0-1 years",0
96,"No",32,"Research & Development","Research Scientist","Male","Married","Travel_Rarely",1,3,"Life Sciences",2,3,2,2,6220,1,"No",17,3,2,2,10,3,3,10,4,0,9,"25-34","6-10 years","5000-6999","1-5","0-1 years",0
97,"No",36,"Research & Development","Laboratory Technician","Female","Married","Travel_Rarely",6,3,"Life Sciences",2,4,1,4,3038,3,"No",12,3,2,0,5,3,3,1,0,0,0,"35-44","1-2 years","3000-4999","6-10","0-1 years",0
98,"No",31,"Research & Development","Manufacturing Director","Female","Single","Travel_Rarely",8,4,"Life Sciences",3,3,2,4,4424,1,"No",23,4,4,0,11,2,3,11,7,1,8,"25-34","10+ years","3000-4999","6-10","0-1 years",0
100,"No",35,"Sales","Sales Executive","Male","Single","Travel_Rarely",1,4,"Marketing",3,2,2,1,4312,0,"No",14,3,2,0,16,2,3,15,13,2,8,"35-44","10+ years","3000-4999","1-5","2-3 years",0
101,"No",45,"Research & Development","Research Director","Male","Married","Travel_Rarely",6,4,"Other",4,3,3,1,13245,4,"Yes",14,3,2,0,17,3,4,0,0,0,0,"45-54","Under 1 year","10000+","6-10","0-1 years",0
102,"No",37,"Research & Development","Research Director","Male","Single","Travel_Rarely",7,4,"Medical",1,3,3,3,13664,4,"No",13,3,1,0,16,3,4,5,2,0,2,"35-44","3-5 years","10000+","6-10","0-1 years",0
103,"No",46,"Human Resources","Human Resources","Male","Divorced","Travel_Rarely",5,2,"Medical",2,3,2,2,5021,8,"Yes",22,4,4,1,16,2,3,4,2,0,2,"45-54","3-5 years","5000-6999","1-5","0-1 years",0
104,"No",30,"Research & Development","Laboratory Technician","Male","Married","Travel_Rarely",1,1,"Life Sciences",4,2,2,4,5126,1,"Yes",12,3,3,2,10,1,2,10,8,3,0,"25-34","6-10 years","5000-6999","1-5","2-3 years",0
105,"No",35,"Research & Development","Research Scientist","Male","Single","Travel_Rarely",1,3,"Medical",2,2,1,3,2859,1,"No",18,3,1,0,6,3,3,6,4,0,4,"35-44","6-10 years","Under 3000","1-5","0-1 years",0
106,"No",55,"Sales","Sales Executive","Male","Married","Travel_Rarely",1,2,"Life Sciences",1,3,3,4,10239,3,"No",14,3,4,1,24,4,3,1,0,1,0,"55+","1-2 years","10000+","1-5","0-1 years",0
107,"No",38,"Research & Development","Research Scientist","Female","Divorced","Non-Travel",6,3,"Medical",2,1,2,4,5329,7,"Yes",12,3,4,3,17,3,3,13,11,1,9,"35-44","10+ years","5000-6999","6-10","0-1 years",0
110,"No",34,"Research & Development","Manufacturing Director","Male","Married","Travel_Rarely",1,2,"Medical",1,3,2,2,4325,1,"No",15,3,3,0,5,2,3,5,2,1,3,"25-34","3-5 years","3000-4999","1-5","0-1 years",0
112,"No",56,"Research & Development","Manufacturing Director","Male","Single","Travel_Rarely",7,3,"Life Sciences",4,1,3,4,7260,4,"No",11,3,1,0,37,3,2,6,4,0,2,"55+","6-10 years","7000-9999","6-10","0-1 years",0
113,"No",23,"Sales","Sales Representative","Male","Divorced","Travel_Rarely",2,1,"Technical Degree",3,3,1,1,2322,3,"No",13,3,3,1,3,3,3,0,0,0,0,"Under 25","Under 1 year","Under 3000","1-5","0-1 years",0
116,"No",51,"Research & Development","Laboratory Technician","Male","Married","Travel_Rarely",9,4,"Life Sciences",4,3,1,4,2075,3,"No",23,4,2,2,10,4,3,4,2,0,3,"45-54","3-5 years","Under 3000","6-10","0-1 years",0
117,"No",30,"Research & Development","Healthcare Representative","Male","Married","Travel_Rarely",2,3,"Life Sciences",3,2,2,4,4152,1,"No",19,3,1,3,11,3,3,11,10,10,8,"25-34","10+ years","3000-4999","1-5","6+ years",0
118,"Yes",46,"Sales","Sales Executive","Male","Single","Travel_Rarely",9,2,"Medical",3,2,3,4,9619,1,"No",16,3,4,0,9,3,3,9,8,4,7,"45-54","6-10 years","7000-9999","6-10","4-5 years",1
119,"No",40,"Research & Development","Healthcare Representative","Male","Married","Travel_Frequently",1,4,"Life Sciences",3,2,4,2,13503,1,"No",22,4,4,1,22,3,2,22,3,11,11,"35-44","10+ years","10000+","1-5","6+ years",0
120,"No",51,"Sales","Sales Executive","Male","Single","Travel_Rarely",21,4,"Marketing",3,3,2,4,5441,0,"Yes",22,4,4,0,11,2,1,10,7,1,0,"45-54","6-10 years","5000-6999","21+","0-1 years",0
121,"No",30,"Sales","Sales Executive","Female","Divorced","Travel_Rarely",4,2,"Medical",3,2,2,2,5209,1,"Yes",12,3,2,3,11,4,2,11,8,2,7,"25-34","10+ years","5000-6999","1-5","2-3 years",0
124,"No",46,"Research & Development","Healthcare Representative","Male","Married","Travel_Frequently",1,3,"Medical",3,2,3,1,10673,2,"Yes",13,3,3,1,21,5,2,10,9,9,5,"45-54","6-10 years","10000+","1-5","6+ years",0
125,"No",32,"Sales","Sales Executive","Male","Single","Travel_Rarely",6,4,"Medical",2,3,2,3,5010,1,"No",16,3,1,0,12,0,3,11,8,5,7,"25-34","10+ years","5000-6999","6-10","4-5 years",0
126,"No",54,"Research & Development","Research Director","Female","Married","Travel_Rarely",2,4,"Technical Degree",1,3,3,3,13549,9,"No",12,3,1,1,16,5,1,4,3,0,3,"45-54","3-5 years","10000+","1-5","0-1 years",0
128,"No",24,"Sales","Sales Executive","Female","Married","Travel_Rarely",3,2,"Other",1,3,2,3,4999,0,"No",21,4,1,1,4,2,2,3,2,0,2,"Under 25","3-5 years","3000-4999","1-5","0-1 years",0
129,"No",28,"Sales","Sales Executive","Male","Married","Non-Travel",4,3,"Medical",2,3,2,3,4221,1,"No",15,3,2,0,5,3,4,5,4,0,4,"25-34","3-5 years","3000-4999","1-5","0-1 years",0
131,"No",58,"Sales","Sales Executive","Male","Single","Travel_Rarely",10,4,"Medical",4,3,4,3,13872,0,"No",13,3,3,0,38,1,2,37,10,1,8,"55+","10+ years","10000+","6-10","0-1 years",0
132,"No",44,"Research & Development","Laboratory Technician","Male","Married","Non-Travel",23,3,"Medical",2,3,2,2,2042,4,"No",12,3,3,1,17,3,4,3,2,1,2,"35-44","3-5 years","Under 3000","21+","0-1 years",0
133,"Yes",37,"Human Resources","Human Resources","Male","Divorced","Travel_Rarely",6,4,"Human Resources",3,3,1,1,2073,4,"Yes",22,4,4,0,7,3,3,3,2,0,2,"35-44","3-5 years","Under 3000","6-10","0-1 years",1
134,"No",32,"Research & Development","Research Scientist","Male","Single","Travel_Rarely",1,1,"Life Sciences",4,3,1,1,2956,1,"No",13,3,4,0,1,2,3,1,0,0,0,"25-34","1-2 years","Under 3000","1-5","0-1 years",0
137,"Yes",20,"Research & Development","Laboratory Technician","Female","Single","Travel_Frequently",6,3,"Life Sciences",4,2,1,4,2926,1,"Yes",18,3,2,0,1,5,3,1,0,1,0,"Under 25","1-2 years","Under 3000","6-10","0-1 years",1
138,"No",34,"Research & Development","Research Scientist","Female","Single","Travel_Rarely",6,4,"Other",1,3,2,3,4809,1,"No",14,3,3,0,16,3,3,16,13,2,10,"25-34","10+ years","3000-4999","6-10","2-3 years",0
139,"No",37,"Research & Development","Healthcare Representative","Male","Divorced","Non-Travel",2,2,"Life Sciences",3,2,2,4,5163,5,"No",14,3,4,1,17,2,4,1,0,0,0,"35-44","1-2 years","5000-6999","1-5","0-1 years",0
140,"No",59,"Human Resources","Manager","Female","Married","Non-Travel",2,4,"Human Resources",3,2,5,4,18844,9,"No",21,4,4,1,30,3,3,3,2,2,2,"55+","3-5 years","10000+","1-5","2-3 years",0
141,"No",50,"Research & Development","Research Director","Female","Married","Travel_Frequently",1,3,"Life Sciences",1,3,5,2,18172,3,"Yes",19,3,1,0,28,1,2,8,3,0,7,"45-54","6-10 years","10000+","1-5","0-1 years",0
142,"Yes",25,"Sales","Sales Executive","Male","Single","Travel_Rarely",5,3,"Marketing",3,2,2,3,5744,1,"Yes",11,3,4,0,6,1,3,6,4,0,3,"25-34","6-10 years","5000-6999","1-5","0-1 years",1
143,"No",25,"Research & Development","Research Scientist","Male","Married","Travel_Rarely",7,1,"Medical",4,2,1,4,2889,1,"No",11,3,3,2,2,2,3,2,2,2,1,"25-34","1-2 years","Under 3000","6-10","2-3 years",0
144,"No",22,"Research & Development","Laboratory Technician","Female","Single","Travel_Rarely",15,3,"Medical",2,3,1,4,2871,1,"No",15,3,3,0,1,5,3,0,0,0,0,"Under 25","Under 1 year","Under 3000","11-20","0-1 years",0
145,"No",51,"Research & Development","Healthcare Representative","Female","Single","Travel_Frequently",1,4,"Medical",1,2,3,1,7484,3,"No",20,4,3,0,23,1,2,13,12,12,8,"45-54","10+ years","7000-9999","1-5","6+ years",0
147,"Yes",34,"Research & Development","Laboratory Technician","Male","Single","Travel_Frequently",7,3,"Life Sciences",1,1,2,3,6074,1,"Yes",24,4,4,0,9,3,3,9,7,0,6,"25-34","6-10 years","5000-6999","6-10","0-1 years",1
148,"No",54,"Human Resources","Manager","Female","Single","Non-Travel",26,3,"Human Resources",4,4,4,4,17328,2,"Yes",12,3,3,0,23,3,3,5,3,4,4,"45-54","3-5 years","10000+","21+","4-5 years",0
150,"No",24,"Research & Development","Laboratory Technician","Male","Married","Travel_Rarely",18,1,"Life Sciences",2,3,1,3,2774,0,"No",12,3,3,1,6,2,3,5,3,1,2,"Under 25","3-5 years","Under 3000","11-20","0-1 years",0
151,"No",34,"Research & Development","Research Scientist","Female","Divorced","Travel_Rarely",6,4,"Life Sciences",3,2,2,2,4505,6,"No",15,3,3,1,12,3,3,1,0,0,0,"25-34","1-2 years","3000-4999","6-10","0-1 years",0
152,"No",37,"Sales","Sales Executive","Male","Single","Travel_Rarely",3,3,"Life Sciences",3,3,3,4,7428,2,"No",12,3,1,0,12,3,3,5,3,1,3,"35-44","3-5 years","7000-9999","1-5","0-1 years",0
153,"No",34,"Research & Development","Manager","Female","Single","Travel_Rarely",5,3,"Medical",3,2,3,1,11631,2,"No",12,3,4,0,14,6,3,11,10,5,8,"25-34","10+ years","10000+","1-5","4-5 years",0
154,"No",36,"Sales","Sales Executive","Female","Married","Travel_Frequently",11,2,"Technical Degree",2,3,3,4,9738,0,"No",14,3,3,1,10,6,3,9,7,2,8,"35-44","6-10 years","7000-9999","11-20","2-3 years",0
155,"No",36,"Research & Development","Laboratory Technician","Female","Divorced","Travel_Rarely",3,2,"Life Sciences",1,3,1,4,2835,5,"No",22,4,1,1,7,2,3,1,0,0,0,"35-44","1-2 years","Under 3000","1-5","0-1 years",0
158,"No",43,"Sales","Manager","Male","Married","Travel_Frequently",26,2,"Life Sciences",3,3,4,4,16959,1,"Yes",12,3,4,2,25,3,4,25,12,4,12,"35-44","10+ years","10000+","21+","4-5 years",0
159,"No",30,"Research & Development","Research Scientist","Male","Divorced","Travel_Frequently",23,3,"Life Sciences",1,1,1,3,2613,1,"No",25,4,3,3,10,2,2,10,7,0,9,"25-34","6-10 years","Under 3000","21+","0-1 years",0
160,"No",33,"Sales","Sales Executive","Male","Married","Non-Travel",22,2,"Marketing",3,3,2,2,6146,0,"No",13,3,1,1,8,2,4,7,7,0,7,"25-34","6-10 years","5000-6999","21+","0-1 years",0
161,"Yes",56,"Research & Development","Research Scientist","Female","Married","Travel_Rarely",14,4,"Life Sciences",2,3,1,2,4963,9,"Yes",18,3,1,3,7,2,3,5,4,4,3,"55+","3-5 years","3000-4999","11-20","4-5 years",1
162,"No",51,"Research & Development","Research Director","Male","Single","Travel_Rarely",6,3,"Life Sciences",1,3,5,3,19537,7,"No",13,3,3,0,23,5,3,20,18,15,15,"45-54","10+ years","10000+","6-10","6+ years",0
163,"Yes",31,"Sales","Sales Executive","Male","Married","Travel_Rarely",6,4,"Life Sciences",2,1,2,3,6172,4,"Yes",18,3,2,0,12,3,2,7,7,7,7,"25-34","6-10 years","5000-6999","6-10","6+ years",1
164,"No",26,"Research & Development","Research Scientist","Female","Married","Travel_Rarely",6,3,"Other",3,2,1,2,2368,1,"No",19,3,3,0,5,3,2,5,4,4,3,"25-34","3-5 years","Under 3000","6-10","4-5 years",0
165,"Yes",58,"Research & Development","Healthcare Representative","Female","Married","Travel_Rarely",23,4,"Medical",4,3,3,4,10312,1,"No",12,3,4,1,40,3,2,40,10,15,6,"55+","10+ years","10000+","21+","6+ years",1
167,"Yes",19,"Sales","Sales Representative","Male","Single","Travel_Rarely",22,1,"Marketing",4,3,1,3,1675,1,"Yes",19,3,4,0,0,2,2,0,0,0,0,"Under 25","Under 1 year","Under 3000","21+","0-1 years",1
169,"No",22,"Research & Development","Laboratory Technician","Male","Married","Travel_Rarely",2,1,"Technical Degree",3,3,1,4,2523,0,"No",14,3,3,1,3,2,3,2,1,2,1,"Under 25","1-2 years","Under 3000","1-5","2-3 years",0
170,"No",49,"Research & Development","Manufacturing Director","Female","Married","Travel_Rarely",20,4,"Medical",3,3,2,1,6567,1,"No",14,3,3,0,16,2,2,15,11,5,11,"45-54","10+ years","5000-6999","11-20","4-5 years",0
171,"No",43,"Research & Development","Research Scientist","Female","Single","Travel_Frequently",28,3,"Medical",2,4,1,3,4739,4,"No",12,3,4,0,18,2,3,3,2,1,2,"35-44","3-5 years","3000-4999","21+","0-1 years",0
174,"No",50,"Sales","Sales Executive","Female","Single","Travel_Frequently",12,3,"Marketing",3,3,3,4,9208,4,"No",11,3,4,0,16,3,3,2,2,2,1,"45-54","1-2 years","7000-9999","11-20","2-3 years",0
175,"Yes",31,"Sales","Sales Executive","Female","Married","Travel_Rarely",20,3,"Life Sciences",2,1,2,3,4559,3,"Yes",11,3,3,1,4,2,3,2,2,2,2,"25-34","1-2 years","3000-4999","11-20","2-3 years",1
176,"No",41,"Sales","Sales Executive","Male","Divorced","Travel_Rarely",9,1,"Life Sciences",3,3,3,3,8189,3,"Yes",13,3,3,1,12,2,3,9,7,0,7,"35-44","6-10 years","7000-9999","6-10","0-1 years",0
177,"No",26,"Human Resources","Human Resources","Female","Married","Travel_Rarely",25,1,"Life Sciences",3,3,1,3,2942,1,"No",23,4,4,1,8,3,3,8,7,5,7,"25-34","6-10 years","Under 3000","21+","4-5 years",0
178,"No",36,"Research & Development","Manufacturing Director","Male","Divorced","Travel_Rarely",6,2,"Medical",2,3,2,2,4941,6,"No",20,4,4,2,7,0,3,3,2,0,1,"35-44","3-5 years","3000-4999","6-10","0-1 years",0
179,"Yes",51,"Research & Development","Manufacturing Director","Male","Single","Travel_Frequently",8,4,"Life Sciences",1,1,3,4,10650,2,"No",15,3,4,0,18,2,3,4,2,0,3,"45-54","3-5 years","10000+","6-10","0-1 years",1
182,"No",39,"Sales","Sales Executive","Female","Married","Travel_Rarely",4,4,"Life Sciences",4,2,2,3,5902,4,"No",14,3,3,1,17,1,4,15,11,5,9,"35-44","10+ years","5000-6999","1-5","4-5 years",0
183,"No",25,"Sales","Sales Executive","Male","Married","Travel_Rarely",28,3,"Life Sciences",1,2,2,3,8639,2,"No",18,3,4,0,6,3,3,2,2,2,2,"25-34","1-2 years","7000-9999","21+","2-3 years",0
184,"No",30,"Human Resources","Human Resources","Male","Married","Travel_Rarely",9,3,"Human Resources",3,3,2,4,6347,0,"Yes",19,3,4,0,12,2,1,11,9,4,7,"25-34","10+ years","5000-6999","6-10","4-5 years",0
190,"Yes",32,"Research & Development","Laboratory Technician","Female","Single","Travel_Rarely",9,3,"Medical",1,3,1,1,4200,7,"No",22,4,1,0,10,2,4,5,4,0,4,"25-34","3-5 years","3000-4999","6-10","0-1 years",1
192,"No",45,"Research & Development","Research Scientist","Male","Single","Travel_Rarely",29,3,"Medical",3,3,1,4,3452,5,"No",13,3,2,0,9,2,2,6,5,0,3,"45-54","6-10 years","3000-4999","21+","0-1 years",0
193,"No",38,"Research & Development","Research Scientist","Female","Single","Travel_Rarely",3,5,"Technical Degree",4,3,2,3,4317,3,"Yes",20,4,2,0,19,2,3,3,2,2,2,"35-44","3-5 years","3000-4999","1-5","2-3 years",0
194,"No",30,"Research & Development","Research Scientist","Female","Single","Travel_Rarely",18,3,"Life Sciences",1,3,1,3,2632,1,"No",14,3,3,0,5,4,2,5,4,0,4,"25-34","3-5 years","Under 3000","11-20","0-1 years",0
195,"No",32,"Sales","Sales Executive","Male","Divorced","Travel_Frequently",9,2,"Medical",4,1,2,4,4668,0,"No",17,3,4,3,9,2,4,8,7,0,7,"25-34","6-10 years","3000-4999","6-10","0-1 years",0
197,"No",30,"Research & Development","Research Scientist","Female","Divorced","Travel_Rarely",5,3,"Technical Degree",4,3,1,1,3204,5,"No",14,3,4,1,8,3,3,3,2,2,2,"25-34","3-5 years","3000-4999","1-5","2-3 years",0
198,"No",30,"Research & Development","Laboratory Technician","Male","Single","Travel_Rarely",2,1,"Medical",2,2,1,4,2720,0,"No",13,3,4,0,6,3,3,5,3,1,2,"25-34","3-5 years","Under 3000","1-5","0-1 years",0
199,"No",41,"Research & Development","Manager","Male","Divorced","Travel_Frequently",10,3,"Life Sciences",4,2,4,1,17181,4,"No",13,3,2,1,21,2,2,7,6,7,7,"35-44","6-10 years","10000+","6-10","6+ years",0
200,"No",41,"Research & Development","Laboratory Technician","Male","Married","Travel_Rarely",9,4,"Life Sciences",3,3,1,1,2238,2,"No",21,4,4,1,7,2,3,5,0,1,4,"35-44","3-5 years","Under 3000","6-10","0-1 years",0
201,"No",19,"Research & Development","Laboratory Technician","Female","Single","Travel_Rarely",3,1,"Medical",2,3,1,2,1483,1,"No",14,3,4,0,1,3,3,1,0,0,0,"Under 25","1-2 years","Under 3000","1-5","0-1 years",0
202,"No",40,"Research & Development","Research Scientist","Female","Divorced","Travel_Frequently",26,3,"Medical",2,3,2,2,5605,1,"No",11,3,1,1,20,2,3,20,7,2,13,"35-44","10+ years","5000-6999","21+","2-3 years",0
204,"No",35,"Sales","Sales Executive","Male","Married","Travel_Rarely",1,5,"Marketing",3,3,3,2,7295,1,"No",13,3,1,2,10,3,3,10,8,0,6,"35-44","6-10 years","7000-9999","1-5","0-1 years",0
205,"No",53,"Sales","Sales Representative","Male","Married","Travel_Rarely",6,2,"Marketing",2,3,2,3,2306,2,"Yes",20,4,4,1,13,3,1,7,7,4,5,"45-54","6-10 years","Under 3000","6-10","4-5 years",0
206,"No",45,"Research & Development","Laboratory Technician","Male","Divorced","Travel_Rarely",9,3,"Life Sciences",2,3,2,2,2348,8,"No",18,3,3,1,20,2,1,17,9,0,15,"45-54","10+ years","Under 3000","6-10","0-1 years",0
207,"No",32,"Sales","Sales Executive","Female","Single","Travel_Frequently",8,3,"Marketing",2,3,3,4,8998,1,"No",14,3,4,0,9,2,3,9,8,3,7,"25-34","6-10 years","7000-9999","6-10","2-3 years",0
208,"No",29,"Research & Development","Manufacturing Director","Male","Married","Non-Travel",1,1,"Technical Degree",4,3,2,3,4319,1,"No",13,3,1,1,10,1,3,10,7,0,9,"25-34","6-10 years","3000-4999","1-5","0-1 years",0
211,"No",51,"Research & Development","Manufacturing Director","Male","Married","Travel_Rarely",7,4,"Medical",2,2,2,3,6132,2,"No",17,3,3,0,10,2,3,1,0,0,0,"45-54","1-2 years","5000-6999","6-10","0-1 years",0
214,"No",58,"Research & Development","Research Scientist","Female","Married","Travel_Rarely",9,3,"Medical",2,2,1,2,3346,4,"Yes",20,4,2,1,9,3,2,1,0,0,0,"55+","1-2 years","3000-4999","6-10","0-1 years",0
215,"No",40,"Sales","Sales Executive","Male","Married","Travel_Rarely",4,4,"Marketing",3,2,3,4,10855,7,"No",11,3,1,1,15,2,2,12,11,2,11,"35-44","10+ years","10000+","1-5","2-3 years",0
216,"No",34,"Sales","Sales Representative","Female","Married","Travel_Frequently",2,4,"Marketing",3,3,1,3,2231,6,"No",18,3,4,1,6,3,3,4,3,1,2,"25-34","3-5 years","Under 3000","1-5","0-1 years",0
217,"No",22,"Research & Development","Research Scientist","Male","Married","Travel_Rarely",19,1,"Medical",3,3,1,4,2323,1,"No",24,4,1,2,2,6,3,2,2,2,2,"Under 25","1-2 years","Under 3000","11-20","2-3 years",0
218,"No",27,"Research & Development","Research Scientist","Male","Divorced","Non-Travel",9,3,"Medical",4,3,1,2,2024,6,"No",18,3,4,1,6,1,1,2,2,2,2,"25-34","1-2 years","Under 3000","6-10","2-3 years",0
221,"No",28,"Research & Development","Research Scientist","Male","Married","Travel_Rarely",21,3,"Medical",3,3,1,4,2713,1,"No",11,3,3,1,5,2,1,5,2,0,2,"25-34","3-5 years","Under 3000","21+","0-1 years",0
223,"No",57,"Research & Development","Healthcare Representative","Male","Divorced","Travel_Rarely",24,2,"Life Sciences",3,4,3,4,9439,3,"Yes",16,3,2,1,12,2,1,5,3,1,4,"55+","3-5 years","7000-9999","21+","0-1 years",0
224,"No",27,"Research & Development","Research Scientist","Male","Divorced","Non-Travel",3,3,"Medical",3,2,1,3,2566,1,"Yes",15,3,4,1,1,2,2,1,1,0,1,"25-34","1-2 years","Under 3000","1-5","0-1 years",0
226,"No",50,"Research & Development","Manager","Female","Single","Travel_Rarely",11,3,"Life Sciences",3,3,5,2,19926,3,"No",15,3,2,0,21,5,3,5,4,4,4,"45-54","3-5 years","10000+","11-20","4-5 years",0
227,"No",41,"Research & Development","Research Scientist","Male","Divorced","Travel_Rarely",14,3,"Life Sciences",1,3,1,3,2451,4,"No",12,3,1,1,13,2,3,9,8,1,8,"35-44","6-10 years","Under 3000","11-20","0-1 years",0
228,"No",30,"Sales","Sales Executive","Female","Married","Travel_Rarely",5,3,"Life Sciences",2,3,3,4,9419,2,"No",12,3,3,1,12,2,3,10,9,7,4,"25-34","6-10 years","7000-9999","1-5","6+ years",0
230,"No",38,"Sales","Sales Executive","Female","Single","Travel_Rarely",1,4,"Life Sciences",1,2,2,4,8686,4,"No",22,4,3,0,12,2,4,8,3,0,7,"35-44","6-10 years","7000-9999","1-5","0-1 years",0
231,"No",32,"Research & Development","Research Scientist","Male","Single","Travel_Rarely",6,5,"Life Sciences",3,3,1,3,3038,3,"No",20,4,1,0,8,2,3,5,4,1,4,"25-34","3-5 years","3000-4999","6-10","0-1 years",0
233,"No",27,"Research & Development","Research Scientist","Male","Married","Travel_Rarely",17,3,"Technical Degree",3,3,1,2,3058,0,"Yes",16,3,4,1,6,3,2,5,2,1,1,"25-34","3-5 years","3000-4999","11-20","0-1 years",0
235,"Yes",19,"Sales","Sales Representative","Female","Single","Travel_Frequently",1,1,"Technical Degree",3,1,1,1,2325,0,"No",21,4,1,0,1,5,4,0,0,0,0,"Under 25","Under 1 year","Under 3000","1-5","0-1 years",1
238,"No",36,"Research & Development","Laboratory Technician","Male","Single","Travel_Frequently",3,2,"Medical",4,3,1,2,2088,4,"No",12,3,3,0,13,3,2,8,7,7,2,"35-44","6-10 years","Under 3000","1-5","6+ years",0
239,"No",30,"Research & Development","Laboratory Technician","Male","Divorced","Non-Travel",9,3,"Medical",3,3,2,1,3072,1,"No",11,3,3,2,12,4,3,12,9,6,10,"25-34","10+ years","3000-4999","6-10","6+ years",0
240,"No",45,"Sales","Sales Executive","Female","Divorced","Travel_Rarely",4,2,"Life Sciences",3,3,2,1,5006,4,"Yes",11,3,1,1,9,3,4,5,4,0,3,"45-54","3-5 years","5000-6999","1-5","0-1 years",0
241,"No",56,"Research & Development","Research Scientist","Female","Divorced","Travel_Rarely",8,3,"Life Sciences",3,3,1,1,4257,4,"Yes",18,3,3,1,19,3,3,2,2,2,2,"55+","1-2 years","3000-4999","6-10","2-3 years",0
242,"No",33,"Research & Development","Research Scientist","Male","Single","Travel_Rarely",2,3,"Life Sciences",3,3,1,4,2500,0,"No",14,3,1,0,4,2,4,3,1,0,2,"25-34","3-5 years","Under 3000","1-5","0-1 years",0
243,"Yes",19,"Research & Development","Laboratory Technician","Male","Single","Travel_Rarely",2,3,"Life Sciences",2,2,1,4,1102,1,"No",22,4,3,0,1,3,2,1,0,1,0,"Under 25","1-2 years","Under 3000","1-5","0-1 years",1
244,"No",46,"Sales","Sales Executive","Female","Divorced","Travel_Rarely",1,2,"Marketing",2,3,3,1,10453,1,"No",25,4,3,3,24,2,3,24,13,15,7,"45-54","10+ years","10000+","1-5","6+ years",0
245,"No",38,"Research & Development","Laboratory Technician","Female","Single","Travel_Rarely",9,2,"Life Sciences",3,3,1,4,2288,1,"No",12,3,3,0,2,3,3,2,2,2,1,"35-44","1-2 years","Under 3000","6-10","2-3 years",0
246,"No",31,"Research & Development","Research Scientist","Female","Married","Travel_Rarely",12,1,"Medical",3,3,1,4,3929,8,"Yes",23,4,3,1,7,0,3,4,2,0,2,"25-34","3-5 years","3000-4999","11-20","0-1 years",0
247,"No",34,"Research & Development","Research Scientist","Female","Single","Travel_Rarely",27,2,"Medical",4,3,1,2,2311,2,"No",15,3,4,0,9,3,3,3,2,1,2,"25-34","3-5 years","Under 3000","21+","0-1 years",0
248,"Yes",41,"Sales","Sales Representative","Female","Single","Travel_Rarely",20,2,"Marketing",2,3,1,2,3140,1,"Yes",22,4,4,0,4,5,2,4,3,0,2,"35-44","3-5 years","3000-4999","11-20","0-1 years",1
249,"No",50,"Research & Development","Laboratory Technician","Male","Married","Travel_Rarely",1,3,"Medical",3,2,1,3,3690,2,"No",15,3,4,1,5,2,2,3,2,0,2,"45-54","3-5 years","3000-4999","1-5","0-1 years",0
250,"No",53,"Research & Development","Manufacturing Director","Female","Divorced","Travel_Rarely",13,2,"Medical",4,4,2,1,4450,1,"No",11,3,3,2,5,3,3,4,2,1,3,"45-54","3-5 years","3000-4999","11-20","0-1 years",0
252,"No",33,"Research & Development","Research Scientist","Female","Married","Travel_Rarely",14,3,"Medical",4,3,1,2,2756,1,"No",13,3,4,1,8,5,3,8,7,1,6,"25-34","6-10 years","Under 3000","11-20","0-1 years",0
253,"No",40,"Research & Development","Manager","Female","Married","Travel_Rarely",4,1,"Medical",4,3,5,3,19033,1,"No",14,3,2,1,21,2,3,20,8,9,9,"35-44","10+ years","10000+","1-5","6+ years",0
254,"No",55,"Research & Development","Research Director","Male","Single","Travel_Rarely",14,4,"Medical",3,4,5,2,18722,8,"No",11,3,4,0,36,3,3,24,15,2,15,"55+","10+ years","10000+","11-20","2-3 years",0
256,"No",34,"Research & Development","Manufacturing Director","Male","Married","Travel_Frequently",2,1,"Life Sciences",4,2,2,3,9547,1,"No",17,3,3,0,10,2,2,10,9,1,9,"25-34","6-10 years","7000-9999","1-5","0-1 years",0
258,"No",51,"Research & Development","Healthcare Representative","Female","Single","Travel_Rarely",3,3,"Medical",4,3,4,2,13734,3,"No",18,3,3,0,21,6,3,7,7,1,0,"45-54","6-10 years","10000+","1-5","0-1 years",0
259,"No",52,"Research & Development","Manager","Male","Married","Travel_Rarely",1,4,"Life Sciences",3,2,5,3,19999,0,"No",14,3,1,1,34,5,3,33,18,11,9,"45-54","10+ years","10000+","1-5","6+ years",0
260,"No",27,"Research & Development","Research Scientist","Female","Single","Travel_Rarely",9,3,"Medical",4,3,1,2,2279,1,"No",16,3,4,0,7,2,2,7,7,0,3,"25-34","6-10 years","Under 3000","6-10","0-1 years",0
261,"Yes",35,"Research & Development","Manufacturing Director","Male","Married","Travel_Rarely",23,2,"Life Sciences",2,2,2,3,5916,3,"Yes",13,3,1,0,8,1,3,1,0,0,1,"35-44","1-2 years","5000-6999","21+","0-1 years",1
262,"No",43,"Research & Development","Research Scientist","Male","Divorced","Non-Travel",7,3,"Medical",4,4,1,4,2089,4,"No",14,3,4,3,7,3,4,5,4,2,2,"35-44","3-5 years","Under 3000","6-10","2-3 years",0
264,"No",45,"Research & Development","Manager","Male","Married","Non-Travel",2,2,"Medical",1,2,4,4,16792,9,"No",23,4,4,1,22,1,3,20,8,11,8,"45-54","10+ years","10000+","1-5","6+ years",0
267,"No",37,"Research & Development","Research Scientist","Male","Married","Travel_Rarely",21,3,"Life Sciences",2,4,1,1,3564,1,"Yes",12,3,1,1,8,3,2,8,7,1,7,"35-44","6-10 years","3000-4999","21+","0-1 years",0
269,"No",35,"Research & Development","Laboratory Technician","Female","Single","Travel_Frequently",2,3,"Medical",2,3,2,2,4425,5,"No",11,3,4,0,10,5,3,6,2,1,2,"35-44","6-10 years","3000-4999","1-5","0-1 years",0
270,"No",42,"Research & Development","Manufacturing Director","Female","Divorced","Non-Travel",21,2,"Medical",3,3,2,3,5265,2,"No",16,3,2,1,11,5,3,5,3,0,2,"35-44","3-5 years","5000-6999","21+","0-1 years",0
271,"No",38,"Research & Development","Manufacturing Director","Male","Married","Travel_Rarely",2,4,"Life Sciences",4,3,2,3,6553,9,"No",14,3,2,0,14,3,3,1,0,0,0,"35-44","1-2 years","5000-6999","1-5","0-1 years",0
273,"No",38,"Research & Development","Manufacturing Director","Male","Married","Travel_Rarely",29,3,"Technical Degree",4,3,2,4,6261,3,"No",18,3,1,1,9,3,1,7,7,1,7,"35-44","6-10 years","5000-6999","21+","0-1 years",0
274,"No",27,"Research & Development","Manufacturing Director","Male","Married","Travel_Frequently",1,1,"Technical Degree",3,2,2,1,4298,5,"No",19,3,3,1,6,1,3,2,2,2,0,"25-34","1-2 years","3000-4999","1-5","2-3 years",0
275,"No",49,"Research & Development","Manufacturing Director","Male","Divorced","Non-Travel",18,4,"Life Sciences",4,3,2,4,6804,1,"Yes",15,3,1,2,7,0,3,7,7,1,7,"45-54","6-10 years","5000-6999","11-20","0-1 years",0
277,"No",34,"Research & Development","Research Scientist","Male","Divorced","Travel_Frequently",10,4,"Medical",4,3,1,3,3815,1,"Yes",17,3,4,1,5,4,4,5,3,2,0,"25-34","3-5 years","3000-4999","6-10","2-3 years",0
281,"No",40,"Research & Development","Laboratory Technician","Male","Married","Travel_Rarely",19,2,"Medical",3,3,2,4,2741,8,"Yes",15,3,3,1,15,2,4,7,2,3,7,"35-44","6-10 years","Under 3000","11-20","2-3 years",0
282,"Yes",38,"Research & Development","Healthcare Representative","Male","Married","Travel_Rarely",29,1,"Medical",2,3,2,1,6673,7,"Yes",19,3,2,0,17,2,3,1,0,0,0,"35-44","1-2 years","5000-6999","21+","0-1 years",1
283,"Yes",29,"Sales","Sales Executive","Female","Married","Travel_Rarely",27,3,"Marketing",2,3,3,4,7639,1,"No",22,4,4,3,10,3,2,10,4,1,9,"25-34","6-10 years","7000-9999","21+","0-1 years",1
284,"No",22,"Research & Development","Research Scientist","Male","Divorced","Travel_Rarely",5,3,"Life Sciences",4,4,1,2,2328,1,"Yes",16,3,1,1,4,2,2,4,2,2,2,"Under 25","3-5 years","Under 3000","1-5","2-3 years",0
286,"No",36,"Research & Development","Laboratory Technician","Female","Single","Travel_Frequently",18,1,"Medical",2,3,1,4,2153,1,"No",13,3,1,0,8,2,3,8,1,1,7,"35-44","6-10 years","Under 3000","11-20","0-1 years",0
287,"No",40,"Research & Development","Healthcare Representative","Male","Married","Non-Travel",9,5,"Life Sciences",4,2,2,4,4876,9,"No",14,3,4,1,5,5,1,3,2,0,2,"35-44","3-5 years","3000-4999","6-10","0-1 years",0
288,"No",46,"Research & Development","Healthcare Representative","Male","Divorced","Travel_Rarely",1,4,"Medical",4,3,3,1,9396,7,"No",16,3,3,1,17,3,3,4,2,0,3,"45-54","3-5 years","7000-9999","1-5","0-1 years",0
291,"Yes",32,"Sales","Sales Executive","Male","Married","Travel_Rarely",4,4,"Medical",4,1,3,4,10400,1,"No",11,3,3,0,14,2,2,14,8,9,8,"25-34","10+ years","10000+","1-5","6+ years",1
292,"No",30,"Research & Development","Manufacturing Director","Male","Single","Non-Travel",1,1,"Life Sciences",3,2,3,3,8474,1,"No",22,4,3,0,12,2,3,11,8,5,8,"25-34","10+ years","7000-9999","1-5","4-5 years",0
293,"No",27,"Sales","Sales Executive","Female","Single","Travel_Frequently",20,3,"Life Sciences",4,3,2,3,9981,1,"No",14,3,4,0,7,2,3,7,7,0,7,"25-34","6-10 years","7000-9999","11-20","0-1 years",0
296,"No",51,"Research & Development","Research Director","Male","Married","Travel_Rarely",8,4,"Life Sciences",2,2,3,2,12490,5,"No",16,3,4,2,16,5,1,10,9,4,7,"45-54","6-10 years","10000+","6-10","4-5 years",0
297,"Yes",30,"Research & Development","Research Scientist","Female","Single","Travel_Rarely",3,3,"Technical Degree",4,3,1,1,2657,5,"Yes",11,3,3,0,8,5,3,5,2,0,4,"25-34","3-5 years","Under 3000","1-5","0-1 years",1
298,"No",41,"Sales","Manager","Female","Single","Travel_Rarely",6,3,"Life Sciences",4,3,3,4,13591,3,"Yes",18,3,3,0,16,3,3,1,0,0,0,"35-44","1-2 years","10000+","6-10","0-1 years",0
299,"Yes",30,"Sales","Sales Executive","Female","Single","Travel_Frequently",26,4,"Marketing",3,2,2,1,6696,5,"No",15,3,3,0,9,5,2,6,3,0,1,"25-34","6-10 years","5000-6999","21+","0-1 years",1
300,"Yes",29,"Research & Development","Research Scientist","Male","Single","Travel_Rarely",1,3,"Technical Degree",3,3,1,3,2058,0,"No",14,3,4,0,7,1,2,6,2,1,5,"25-34","6-10 years","Under 3000","1-5","0-1 years",1
302,"No",45,"Sales","Sales Executive","Female","Single","Non-Travel",6,3,"Medical",4,2,3,4,8865,6,"No",12,3,4,0,23,2,3,19,7,12,8,"45-54","10+ years","7000-9999","6-10","6+ years",0
303,"No",54,"Sales","Sales Executive","Female","Married","Travel_Rarely",3,3,"Marketing",4,3,2,1,5940,2,"No",14,3,4,1,16,4,3,6,2,0,5,"45-54","6-10 years","5000-6999","1-5","0-1 years",0
304,"No",36,"Research & Development","Laboratory Technician","Male","Single","Travel_Rarely",5,2,"Life Sciences",4,3,2,2,5914,8,"No",16,3,4,0,16,3,4,13,11,3,7,"35-44","10+ years","5000-6999","1-5","2-3 years",0
305,"No",33,"Research & Development","Research Scientist","Female","Married","Travel_Rarely",4,4,"Medical",3,2,1,2,2622,6,"No",21,4,4,0,7,3,3,3,2,1,1,"25-34","3-5 years","Under 3000","1-5","0-1 years",0
306,"No",37,"Research & Development","Research Director","Male","Divorced","Travel_Frequently",11,3,"Other",2,3,3,4,12185,1,"Yes",14,3,3,3,10,1,3,10,8,0,7,"35-44","6-10 years","10000+","11-20","0-1 years",0
307,"No",38,"Sales","Sales Executive","Male","Divorced","Travel_Rarely",3,3,"Life Sciences",1,3,3,3,10609,0,"No",12,3,3,2,17,6,2,16,10,5,13,"35-44","10+ years","10000+","1-5","4-5 years",0
308,"No",31,"Research & Development","Manufacturing Director","Male","Married","Non-Travel",1,4,"Medical",3,1,2,3,4345,0,"No",12,3,4,1,6,2,3,5,4,1,4,"25-34","3-5 years","3000-4999","1-5","0-1 years",0
309,"No",59,"Research & Development","Research Scientist","Male","Married","Travel_Rarely",3,3,"Life Sciences",3,2,1,4,2177,3,"No",17,3,1,1,7,6,3,1,0,0,0,"55+","1-2 years","Under 3000","1-5","0-1 years",0
311,"No",37,"Sales","Sales Representative","Male","Divorced","Travel_Frequently",4,4,"Marketing",1,3,1,4,2793,4,"No",17,3,3,1,13,2,3,9,8,5,8,"35-44","6-10 years","Under 3000","1-5","4-5 years",0
312,"No",29,"Sales","Sales Executive","Female","Married","Travel_Frequently",1,1,"Medical",2,3,3,4,7918,1,"No",14,3,4,1,11,5,3,11,10,4,1,"25-34","10+ years","7000-9999","1-5","4-5 years",0
314,"No",35,"Sales","Sales Executive","Female","Single","Travel_Frequently",1,3,"Marketing",3,3,3,3,8789,1,"No",14,3,1,0,10,3,4,10,7,0,8,"35-44","6-10 years","7000-9999","1-5","0-1 years",0
315,"Yes",29,"Research & Development","Research Scientist","Male","Single","Travel_Rarely",18,1,"Medical",3,2,1,4,2389,1,"Yes",13,3,3,0,4,3,2,4,3,0,1,"25-34","3-5 years","Under 3000","11-20","0-1 years",1
316,"No",52,"Research & Development","Laboratory Technician","Female","Single","Travel_Rarely",2,3,"Life Sciences",3,2,1,4,3212,7,"No",15,3,2,0,6,3,2,2,2,2,2,"45-54","1-2 years","3000-4999","1-5","2-3 years",0
319,"No",42,"Research & Development","Manager","Male","Married","Travel_Rarely",4,2,"Technical Degree",3,3,5,4,19232,1,"No",11,3,4,0,22,3,3,22,17,11,15,"35-44","10+ years","10000+","1-5","6+ years",0
321,"No",59,"Human Resources","Human Resources","Male","Married","Travel_Rarely",6,2,"Medical",2,3,1,3,2267,8,"No",17,3,4,0,7,2,2,2,2,2,2,"55+","1-2 years","Under 3000","6-10","2-3 years",0
323,"No",50,"Sales","Manager","Female","Divorced","Travel_Rarely",1,4,"Medical",4,3,5,4,19517,3,"No",11,3,3,1,32,3,2,7,0,0,6,"45-54","6-10 years","10000+","1-5","0-1 years",0
325,"Yes",33,"Research & Development","Laboratory Technician","Male","Married","Travel_Rarely",14,3,"Medical",3,3,1,4,2436,5,"Yes",13,3,3,1,8,2,1,5,4,0,4,"25-34","3-5 years","Under 3000","11-20","0-1 years",1
327,"No",43,"Sales","Manager","Female","Married","Travel_Rarely",16,3,"Marketing",4,3,4,4,16064,5,"Yes",22,4,3,1,22,3,3,17,13,1,9,"35-44","10+ years","10000+","11-20","0-1 years",0
328,"Yes",33,"Research & Development","Laboratory Technician","Female","Married","Travel_Rarely",2,2,"Life Sciences",1,3,1,1,2707,7,"No",20,4,1,0,13,3,4,9,7,1,7,"25-34","6-10 years","Under 3000","1-5","0-1 years",1
329,"No",52,"Sales","Manager","Male","Single","Non-Travel",2,4,"Life Sciences",1,2,5,3,19068,1,"Yes",18,3,4,0,33,2,4,33,7,15,12,"45-54","10+ years","10000+","1-5","6+ years",0
330,"No",32,"Sales","Sales Representative","Female","Married","Travel_Rarely",4,2,"Life Sciences",3,3,1,2,3931,2,"No",11,3,1,1,6,5,3,4,3,1,2,"25-34","3-5 years","3000-4999","1-5","0-1 years",0
331,"Yes",32,"Research & Development","Laboratory Technician","Male","Single","Travel_Rarely",1,3,"Life Sciences",4,2,1,3,3730,0,"Yes",14,3,4,0,4,2,1,3,2,1,2,"25-34","3-5 years","3000-4999","1-5","0-1 years",1
332,"No",39,"Research & Development","Laboratory Technician","Female","Divorced","Travel_Rarely",1,4,"Medical",3,3,1,3,2232,7,"No",14,3,3,3,7,1,3,3,2,1,2,"35-44","3-5 years","Under 3000","1-5","0-1 years",0
333,"No",32,"Sales","Sales Executive","Male","Married","Non-Travel",26,4,"Marketing",3,3,2,4,4465,0,"No",18,3,1,0,4,2,3,3,2,2,2,"25-34","3-5 years","3000-4999","21+","2-3 years",0
334,"No",41,"Research & Development","Research Scientist","Male","Divorced","Travel_Rarely",19,2,"Life Sciences",3,3,2,1,3072,2,"No",16,3,1,2,17,2,2,1,0,0,0,"35-44","1-2 years","3000-4999","11-20","0-1 years",0
335,"No",40,"Research & Development","Research Scientist","Male","Divorced","Travel_Rarely",24,2,"Technical Degree",1,3,2,4,3319,1,"No",17,3,1,2,9,3,3,9,8,4,7,"35-44","6-10 years","3000-4999","21+","4-5 years",0
336,"No",45,"Research & Development","Manager","Male","Married","Travel_Rarely",1,3,"Other",3,4,5,4,19202,0,"No",11,3,3,1,25,2,3,24,0,1,7,"45-54","10+ years","10000+","1-5","0-1 years",0
337,"No",31,"Research & Development","Research Director","Male","Divorced","Travel_Frequently",3,4,"Medical",2,3,3,3,13675,9,"No",12,3,1,1,9,3,3,2,2,2,2,"25-34","1-2 years","10000+","1-5","2-3 years",0
338,"No",33,"Research & Development","Research Scientist","Female","Married","Travel_Rarely",5,4,"Life Sciences",3,2,1,4,2911,1,"No",13,3,3,1,2,2,2,2,2,0,2,"25-34","1-2 years","Under 3000","1-5","0-1 years",0
339,"No",34,"Research & Development","Manufacturing Director","Male","Married","Travel_Rarely",2,4,"Life Sciences",4,2,2,1,5957,6,"No",13,3,2,1,13,3,3,11,9,5,9,"25-34","10+ years","5000-6999","1-5","4-5 years",0
340,"No",37,"Research & Development","Research Scientist","Female","Married","Travel_Rarely",1,2,"Medical",3,2,1,1,3920,2,"No",14,3,1,1,17,2,2,3,1,0,2,"35-44","3-5 years","3000-4999","1-5","0-1 years",0
341,"No",45,"Research & Development","Manufacturing Director","Male","Married","Travel_Frequently",7,4,"Life Sciences",1,4,2,3,6434,4,"No",17,3,4,1,9,1,3,3,2,0,2,"45-54","3-5 years","5000-6999","6-10","0-1 years",0
342,"Yes",37,"Research & Development","Manufacturing Director","Male","Divorced","Travel_Frequently",10,3,"Medical",1,3,3,3,10048,6,"No",11,3,2,2,17,5,3,1,0,0,0,"35-44","1-2 years","10000+","6-10","0-1 years",1
343,"No",39,"Research & Development","Healthcare Representative","Female","Single","Travel_Frequently",2,4,"Technical Degree",3,3,3,3,10938,0,"No",25,4,4,0,20,1,3,19,6,11,8,"35-44","10+ years","10000+","1-5","6+ years",0
346,"No",29,"Research & Development","Research Scientist","Male","Single","Travel_Rarely",15,3,"Life Sciences",3,3,1,4,2340,1,"No",19,3,1,0,6,1,3,6,5,1,5,"25-34","6-10 years","Under 3000","11-20","0-1 years",0
347,"No",42,"Research & Development","Research Scientist","Female","Single","Travel_Rarely",17,2,"Life Sciences",4,4,2,1,6545,3,"Yes",13,3,3,0,10,1,3,3,2,0,2,"35-44","3-5 years","5000-6999","11-20","0-1 years",0
349,"No",29,"Sales","Sales Executive","Male","Divorced","Travel_Rarely",20,2,"Marketing",4,3,2,4,6931,2,"No",14,3,4,1,10,2,3,3,2,0,2,"25-34","3-5 years","5000-6999","11-20","0-1 years",0
350,"No",25,"Research & Development","Manufacturing Director","Female","Married","Travel_Rarely",1,3,"Life Sciences",1,3,2,3,4898,0,"No",12,3,4,2,5,3,3,4,2,1,2,"25-34","3-5 years","3000-4999","1-5","0-1 years",0
351,"No",42,"Research & Development","Laboratory Technician","Female","Divorced","Travel_Rarely",2,3,"Medical",4,2,1,1,2593,0,"Yes",11,3,3,1,10,4,3,9,6,7,8,"35-44","6-10 years","Under 3000","1-5","6+ years",0
352,"No",40,"Research & Development","Research Director","Male","Divorced","Travel_Rarely",2,2,"Medical",1,3,5,3,19436,0,"No",19,3,4,1,22,5,3,21,7,3,9,"35-44","10+ years","10000+","1-5","2-3 years",0
353,"No",51,"Research & Development","Research Scientist","Male","Married","Travel_Rarely",1,3,"Life Sciences",3,3,1,4,2723,1,"No",11,3,2,0,1,0,2,1,0,0,0,"45-54","1-2 years","Under 3000","1-5","0-1 years",0
355,"Yes",31,"Research & Development","Laboratory Technician","Male","Single","Travel_Frequently",29,2,"Medical",3,2,1,2,3479,0,"No",11,3,2,0,6,2,4,5,4,1,4,"25-34","3-5 years","3000-4999","21+","0-1 years",1
359,"No",32,"Research & Development","Laboratory Technician","Male","Married","Travel_Frequently",7,3,"Life Sciences",2,4,1,2,2794,1,"No",20,4,3,0,5,3,1,5,1,0,3,"25-34","3-5 years","Under 3000","6-10","0-1 years",0
361,"No",38,"Sales","Sales Executive","Male","Married","Non-Travel",2,2,"Life Sciences",4,2,2,4,5249,3,"No",18,3,4,1,13,0,3,8,7,7,5,"35-44","6-10 years","5000-6999","1-5","6+ years",0
362,"No",32,"Research & Development","Laboratory Technician","Male","Single","Travel_Rarely",2,1,"Technical Degree",4,2,2,1,2176,4,"No",13,3,4,0,9,5,3,6,2,0,4,"25-34","6-10 years","Under 3000","1-5","0-1 years",0
363,"No",46,"Sales","Manager","Female","Married","Travel_Rarely",2,3,"Technical Degree",3,1,4,2,16872,3,"Yes",12,3,2,1,28,2,2,7,7,7,7,"45-54","6-10 years","10000+","1-5","6+ years",0
364,"Yes",28,"Research & Development","Laboratory Technician","Male","Single","Travel_Rarely",2,4,"Life Sciences",1,3,1,3,3485,2,"No",11,3,3,0,5,5,1,0,0,0,0,"25-34","Under 1 year","3000-4999","1-5","0-1 years",1
366,"No",29,"Sales","Sales Executive","Male","Married","Travel_Rarely",2,3,"Medical",1,2,2,2,6644,2,"No",19,3,2,2,10,2,3,0,0,0,0,"25-34","Under 1 year","5000-6999","1-5","0-1 years",0
367,"No",31,"Research & Development","Healthcare Representative","Male","Married","Travel_Rarely",23,3,"Medical",2,2,2,4,5582,0,"No",21,4,2,1,10,2,3,9,0,7,8,"25-34","6-10 years","5000-6999","21+","6+ years",0
369,"No",25,"Research & Development","Healthcare Representative","Male","Divorced","Non-Travel",5,2,"Life Sciences",2,4,2,1,4000,1,"No",12,3,4,2,6,2,3,6,3,1,5,"25-34","6-10 years","3000-4999","1-5","0-1 years",0
372,"No",45,"Research & Development","Healthcare Representative","Male","Married","Travel_Rarely",20,2,"Medical",3,3,4,4,13496,0,"Yes",14,3,2,0,21,2,3,20,7,4,10,"45-54","10+ years","10000+","11-20","4-5 years",0
373,"No",36,"Research & Development","Laboratory Technician","Male","Married","Travel_Rarely",6,3,"Life Sciences",4,3,1,4,3210,0,"No",11,3,3,1,16,4,3,15,13,10,11,"35-44","10+ years","3000-4999","6-10","6+ years",0
374,"No",55,"Research & Development","Manager","Male","Single","Travel_Rarely",1,3,"Medical",4,3,5,1,19045,0,"Yes",14,3,3,0,37,2,3,36,10,4,13,"55+","10+ years","10000+","1-5","4-5 years",0
376,"Yes",47,"Research & Development","Manager","Male","Married","Non-Travel",29,4,"Life Sciences",1,3,3,2,11849,1,"Yes",12,3,4,1,10,2,2,10,7,9,9,"45-54","6-10 years","10000+","21+","6+ years",1
377,"No",28,"Research & Development","Research Scientist","Male","Married","Travel_Rarely",9,3,"Medical",4,3,1,4,2070,1,"No",23,4,4,1,5,3,2,5,2,0,4,"25-34","3-5 years","Under 3000","6-10","0-1 years",0
378,"No",37,"Sales","Sales Executive","Male","Married","Travel_Rarely",6,4,"Medical",3,3,2,4,6502,4,"No",14,3,2,1,7,5,4,5,4,0,1,"35-44","3-5 years","5000-6999","6-10","0-1 years",0
379,"No",21,"Research & Development","Research Scientist","Male","Single","Travel_Rarely",3,2,"Medical",4,2,1,3,3230,1,"No",17,3,1,0,3,4,4,3,2,1,0,"Under 25","3-5 years","3000-4999","1-5","0-1 years",0
380,"No",37,"Research & Development","Research Director","Female","Divorced","Non-Travel",1,4,"Medical",1,3,3,4,13603,2,"Yes",18,3,1,2,15,2,3,5,2,0,2,"35-44","3-5 years","10000+","1-5","0-1 years",0
381,"No",35,"Research & Development","Manager","Female","Divorced","Travel_Rarely",22,3,"Life Sciences",2,4,3,2,11996,7,"No",18,3,2,1,10,6,2,7,7,6,2,"35-44","6-10 years","10000+","21+","6+ years",0
382,"No",38,"Sales","Sales Executive","Female","Divorced","Travel_Rarely",7,2,"Medical",1,4,2,1,5605,1,"Yes",24,4,3,1,8,3,3,8,0,7,7,"35-44","6-10 years","5000-6999","6-10","6+ years",0
384,"No",26,"Research & Development","Manufacturing Director","Female","Divorced","Travel_Frequently",1,3,"Life Sciences",3,3,2,2,6397,1,"No",20,4,1,1,6,6,1,6,5,1,4,"25-34","6-10 years","5000-6999","1-5","0-1 years",0
385,"No",50,"Research & Development","Research Director","Male","Divorced","Travel_Rarely",4,1,"Life Sciences",1,3,5,2,19144,3,"No",14,3,1,2,28,4,2,10,4,1,6,"45-54","6-10 years","10000+","1-5","0-1 years",0
386,"No",53,"Research & Development","Research Director","Male","Married","Travel_Rarely",3,4,"Medical",3,3,4,3,17584,3,"Yes",16,3,4,3,21,5,2,5,3,1,3,"45-54","3-5 years","10000+","1-5","0-1 years",0
387,"No",42,"Sales","Sales Executive","Male","Married","Travel_Rarely",1,1,"Life Sciences",2,3,2,3,4907,1,"No",25,4,3,0,20,3,3,20,16,11,6,"35-44","10+ years","3000-4999","1-5","6+ years",0
388,"No",29,"Sales","Sales Executive","Male","Single","Travel_Frequently",2,2,"Life Sciences",2,3,2,4,4554,1,"No",18,3,1,0,10,3,2,10,7,0,9,"25-34","6-10 years","3000-4999","1-5","0-1 years",0
389,"No",55,"Research & Development","Laboratory Technician","Male","Married","Travel_Rarely",20,2,"Technical Degree",2,3,2,4,5415,3,"Yes",19,3,4,1,12,4,3,10,7,0,8,"55+","6-10 years","5000-6999","11-20","0-1 years",0
390,"No",26,"Research & Development","Healthcare Representative","Male","Married","Travel_Frequently",11,2,"Medical",1,3,2,1,4741,1,"Yes",13,3,3,1,5,3,3,5,3,3,3,"25-34","3-5 years","3000-4999","11-20","2-3 years",0
391,"No",37,"Research & Development","Research Scientist","Female","Single","Travel_Rarely",1,3,"Life Sciences",4,3,1,4,2115,1,"No",12,3,2,0,17,3,3,17,12,5,7,"35-44","10+ years","Under 3000","1-5","4-5 years",0
392,"Yes",44,"Research & Development","Laboratory Technician","Male","Divorced","Travel_Frequently",24,3,"Life Sciences",4,3,1,3,3161,3,"Yes",22,4,4,1,19,0,1,1,0,0,0,"35-44","1-2 years","3000-4999","21+","0-1 years",1
393,"No",38,"Research & Development","Healthcare Representative","Male","Divorced","Travel_Rarely",23,4,"Life Sciences",4,3,2,4,5745,9,"No",14,3,2,1,10,2,3,2,2,1,2,"35-44","1-2 years","5000-6999","21+","0-1 years",0
394,"Yes",26,"Research & Development","Laboratory Technician","Male","Divorced","Travel_Rarely",16,4,"Medical",1,3,1,2,2373,2,"Yes",13,3,4,1,5,2,3,3,2,0,2,"25-34","3-5 years","Under 3000","11-20","0-1 years",1
395,"No",28,"Research & Development","Research Scientist","Female","Single","Travel_Rarely",8,2,"Life Sciences",4,3,1,4,3310,1,"No",21,4,4,0,5,3,3,5,3,0,2,"25-34","3-5 years","3000-4999","6-10","0-1 years",0
396,"No",49,"Research & Development","Research Director","Female","Single","Travel_Frequently",10,4,"Life Sciences",3,3,5,1,18665,9,"Yes",11,3,4,0,22,4,3,3,2,1,2,"45-54","3-5 years","10000+","6-10","0-1 years",0
397,"No",36,"Research & Development","Research Scientist","Male","Single","Travel_Rarely",3,3,"Technical Degree",3,3,2,2,4485,4,"No",12,3,4,0,10,2,3,8,0,7,7,"35-44","6-10 years","3000-4999","1-5","6+ years",0
399,"No",31,"Sales","Sales Representative","Female","Divorced","Travel_Frequently",5,3,"Marketing",4,3,1,2,2789,1,"No",11,3,3,1,2,5,2,2,2,2,2,"25-34","1-2 years","Under 3000","1-5","2-3 years",0
401,"Yes",26,"Sales","Sales Executive","Male","Single","Travel_Rarely",4,4,"Marketing",4,2,2,4,5828,1,"Yes",12,3,2,0,8,0,3,8,7,7,4,"25-34","6-10 years","5000-6999","1-5","6+ years",1
403,"No",37,"Research & Development","Research Scientist","Male","Married","Travel_Frequently",9,3,"Medical",2,3,1,4,2326,1,"Yes",12,3,3,3,4,3,2,4,2,1,2,"35-44","3-5 years","Under 3000","6-10","0-1 years",0
404,"No",42,"Sales","Sales Executive","Female","Married","Travel_Frequently",26,3,"Marketing",3,3,4,2,13525,5,"No",14,3,4,1,23,2,4,20,4,4,8,"35-44","10+ years","10000+","21+","4-5 years",0
405,"Yes",18,"Research & Development","Laboratory Technician","Male","Single","Travel_Rarely",3,3,"Life Sciences",3,3,1,3,1420,1,"No",13,3,3,0,0,2,3,0,0,0,0,"Under 25","Under 1 year","Under 3000","1-5","0-1 years",1
406,"No",35,"Sales","Sales Executive","Male","Married","Travel_Rarely",16,3,"Marketing",3,3,3,2,8020,0,"No",15,3,3,2,12,3,2,11,9,6,9,"35-44","10+ years","7000-9999","11-20","6+ years",0
407,"No",36,"Research & Development","Laboratory Technician","Male","Married","Travel_Frequently",18,4,"Life Sciences",3,4,1,4,3688,4,"No",18,3,4,2,4,2,3,1,0,0,0,"35-44","1-2 years","3000-4999","11-20","0-1 years",0
408,"No",51,"Research & Development","Manufacturing Director","Male","Divorced","Travel_Rarely",2,3,"Medical",4,1,2,2,5482,5,"No",18,3,4,1,13,3,3,4,1,1,2,"45-54","3-5 years","5000-6999","1-5","0-1 years",0
410,"No",41,"Sales","Manager","Male","Single","Travel_Rarely",2,4,"Life Sciences",4,3,4,2,16015,1,"No",19,3,2,0,22,2,3,22,10,0,4,"35-44","10+ years","10000+","1-5","0-1 years",0
411,"No",18,"Sales","Sales Representative","Female","Single","Travel_Rarely",10,3,"Medical",4,2,1,3,1200,1,"No",12,3,1,0,0,2,3,0,0,0,0,"Under 25","Under 1 year","Under 3000","6-10","0-1 years",0
412,"No",28,"Research & Development","Healthcare Representative","Male","Single","Travel_Rarely",16,2,"Medical",2,4,2,1,5661,0,"No",19,3,3,0,9,2,3,8,3,0,7,"25-34","6-10 years","5000-6999","11-20","0-1 years",0
416,"No",31,"Sales","Sales Executive","Male","Married","Travel_Rarely",7,3,"Technical Degree",2,4,2,4,6929,4,"No",11,3,2,1,10,3,2,8,7,7,7,"25-34","6-10 years","5000-6999","6-10","6+ years",0
417,"No",39,"Research & Development","Healthcare Representative","Male","Divorced","Travel_Rarely",1,3,"Medical",3,4,3,4,9613,0,"No",17,3,1,3,19,5,2,18,10,3,7,"35-44","10+ years","7000-9999","1-5","2-3 years",0
419,"No",36,"Research & Development","Laboratory Technician","Female","Married","Non-Travel",24,4,"Life Sciences",2,3,2,2,5674,7,"No",15,3,3,1,11,3,3,9,8,0,8,"35-44","6-10 years","5000-6999","21+","0-1 years",0
420,"No",32,"Sales","Sales Executive","Male","Married","Travel_Rarely",7,3,"Life Sciences",4,2,2,3,5484,1,"No",14,3,3,1,13,3,2,13,8,4,8,"25-34","10+ years","5000-6999","6-10","4-5 years",0
421,"No",38,"Research & Development","Research Director","Female","Married","Travel_Rarely",25,2,"Life Sciences",1,2,3,2,12061,3,"No",17,3,3,1,19,2,3,10,8,0,1,"35-44","6-10 years","10000+","21+","0-1 years",0
422,"No",58,"Research & Development","Healthcare Representative","Male","Divorced","Non-Travel",1,4,"Life Sciences",4,1,2,3,5660,2,"Yes",13,3,4,1,12,2,3,5,3,1,2,"55+","3-5 years","5000-6999","1-5","0-1 years",0
423,"No",31,"Research & Development","Research Scientist","Male","Married","Travel_Rarely",5,4,"Technical Degree",3,3,1,4,4821,0,"Yes",12,3,3,1,6,4,3,5,2,0,3,"25-34","3-5 years","3000-4999","1-5","0-1 years",0
424,"No",31,"Human Resources","Human Resources","Male","Married","Travel_Rarely",2,3,"Human Resources",1,2,2,1,6410,3,"No",12,3,4,0,9,1,3,2,2,1,0,"25-34","1-2 years","5000-6999","1-5","0-1 years",0
425,"No",45,"Research & Development","Laboratory Technician","Male","Divorced","Travel_Frequently",7,3,"Life Sciences",1,3,3,1,5210,1,"No",18,3,1,1,24,2,3,24,9,9,11,"45-54","10+ years","5000-6999","6-10","6+ years",0
426,"No",31,"Research & Development","Research Scientist","Male","Divorced","Travel_Rarely",2,4,"Life Sciences",3,3,1,4,2695,0,"Yes",18,3,2,1,3,2,1,2,2,2,2,"25-34","1-2 years","Under 3000","1-5","2-3 years",0
428,"No",33,"Research & Development","Manager","Female","Married","Travel_Frequently",5,4,"Life Sciences",4,3,3,2,11878,6,"No",11,3,2,2,12,2,3,10,6,8,8,"25-34","6-10 years","10000+","1-5","6+ years",0
429,"No",39,"Research & Development","Manager","Male","Married","Travel_Rarely",10,1,"Medical",3,3,4,1,17068,1,"Yes",14,3,4,0,21,3,3,21,9,11,10,"35-44","10+ years","10000+","6-10","6+ years",0
430,"No",43,"Research & Development","Laboratory Technician","Female","Single","Travel_Frequently",10,4,"Life Sciences",3,3,1,4,2455,0,"No",19,3,1,0,9,5,3,8,7,1,7,"35-44","6-10 years","Under 3000","6-10","0-1 years",0
431,"No",49,"Research & Development","Healthcare Representative","Female","Single","Travel_Rarely",1,2,"Technical Degree",3,2,4,3,13964,7,"Yes",12,3,4,0,25,2,3,7,1,0,7,"45-54","6-10 years","10000+","1-5","0-1 years",0
433,"Yes",52,"Research & Development","Research Scientist","Male","Married","Travel_Rarely",8,4,"Medical",3,2,2,2,4941,2,"No",15,3,1,0,11,3,2,8,2,7,7,"45-54","6-10 years","3000-4999","6-10","6+ years",1
434,"No",27,"Research & Development","Research Scientist","Female","Single","Travel_Rarely",5,3,"Life Sciences",3,3,1,2,2478,1,"Yes",12,3,2,0,4,2,2,4,3,1,2,"25-34","3-5 years","Under 3000","1-5","0-1 years",0
436,"No",32,"Sales","Sales Executive","Female","Married","Travel_Rarely",8,2,"Technical Degree",3,2,2,2,5228,1,"Yes",11,3,4,0,13,2,3,13,12,11,9,"25-34","10+ years","5000-6999","6-10","6+ years",0
437,"No",27,"Sales","Sales Executive","Male","Single","Travel_Rarely",2,3,"Life Sciences",4,3,2,3,4478,1,"Yes",11,3,1,0,5,3,3,5,4,0,4,"25-34","3-5 years","3000-4999","1-5","0-1 years",0
438,"No",31,"Sales","Sales Executive","Male","Divorced","Travel_Rarely",7,3,"Marketing",4,3,2,4,7547,4,"No",12,3,4,3,13,3,3,7,7,1,7,"25-34","6-10 years","7000-9999","6-10","0-1 years",0
439,"No",32,"Research & Development","Research Scientist","Female","Single","Travel_Rarely",2,4,"Medical",1,4,2,4,5055,7,"No",16,3,3,0,10,0,2,7,7,0,7,"25-34","6-10 years","5000-6999","1-5","0-1 years",0
440,"Yes",28,"Research & Development","Research Scientist","Male","Married","Travel_Rarely",2,4,"Medical",1,1,1,4,3464,5,"Yes",13,3,4,0,5,4,2,3,2,2,2,"25-34","3-5 years","3000-4999","1-5","2-3 years",1
441,"No",30,"Research & Development","Research Scientist","Female","Married","Travel_Rarely",28,2,"Medical",4,3,2,4,5775,1,"No",13,3,4,2,11,2,3,10,8,1,9,"25-34","6-10 years","5000-6999","21+","0-1 years",0
442,"No",31,"Research & Development","Manufacturing Director","Female","Married","Travel_Frequently",7,2,"Life Sciences",3,2,3,3,8943,1,"No",24,4,1,1,10,2,3,10,9,8,9,"25-34","6-10 years","7000-9999","6-10","6+ years",0
444,"No",39,"Research & Development","Manager","Male","Married","Travel_Frequently",7,2,"Medical",3,2,5,4,19272,1,"No",15,3,1,1,21,2,3,21,9,13,3,"35-44","10+ years","10000+","6-10","6+ years",0
445,"Yes",39,"Sales","Sales Executive","Female","Married","Travel_Rarely",3,2,"Medical",4,3,2,3,5238,4,"Yes",18,3,1,0,12,3,2,1,0,0,0,"35-44","1-2 years","5000-6999","1-5","0-1 years",1
446,"No",33,"Sales","Sales Executive","Male","Single","Travel_Frequently",10,3,"Marketing",2,2,2,4,4682,3,"No",14,3,3,0,9,6,2,7,7,0,1,"25-34","6-10 years","3000-4999","6-10","0-1 years",0
447,"No",47,"Research & Development","Research Director","Male","Married","Travel_Rarely",5,5,"Life Sciences",4,3,5,3,18300,4,"No",11,3,2,1,21,2,3,3,2,1,1,"45-54","3-5 years","10000+","1-5","0-1 years",0
448,"No",43,"Research & Development","Laboratory Technician","Female","Divorced","Travel_Frequently",10,4,"Life Sciences",3,2,2,3,5257,1,"No",11,3,2,1,9,3,4,9,7,0,0,"35-44","6-10 years","5000-6999","6-10","0-1 years",0
449,"No",27,"Sales","Sales Executive","Male","Married","Non-Travel",1,1,"Marketing",3,3,2,2,6349,0,"Yes",13,3,4,1,6,0,3,5,4,1,4,"25-34","3-5 years","5000-6999","1-5","0-1 years",0
450,"No",54,"Research & Development","Research Scientist","Female","Single","Travel_Frequently",20,4,"Life Sciences",4,3,2,3,4869,3,"No",12,3,4,0,20,4,2,4,3,0,3,"45-54","3-5 years","3000-4999","11-20","0-1 years",0
451,"No",43,"Research & Development","Healthcare Representative","Female","Married","Travel_Rarely",7,3,"Life Sciences",3,3,3,1,9985,8,"No",16,3,1,1,10,1,2,1,0,0,0,"35-44","1-2 years","7000-9999","6-10","0-1 years",0
452,"No",45,"Research & Development","Research Scientist","Male","Married","Travel_Rarely",8,4,"Other",4,3,2,4,3697,9,"No",14,3,1,2,12,3,3,10,9,9,8,"45-54","6-10 years","3000-4999","6-10","6+ years",0
453,"No",40,"Sales","Sales Executive","Male","Married","Travel_Rarely",1,2,"Medical",2,1,2,4,7457,2,"Yes",22,4,3,3,6,2,2,4,3,0,2,"35-44","3-5 years","7000-9999","1-5","0-1 years",0
454,"Yes",29,"Research & Development","Laboratory Technician","Male","Married","Travel_Rarely",8,4,"Other",2,1,1,1,2119,1,"Yes",11,3,4,0,7,4,2,7,7,0,7,"25-34","6-10 years","Under 3000","6-10","0-1 years",1
455,"No",29,"Research & Development","Laboratory Technician","Male","Single","Travel_Rarely",9,5,"Other",2,2,1,4,3983,0,"No",17,3,3,0,4,2,3,3,2,2,2,"25-34","3-5 years","3000-4999","6-10","2-3 years",0
456,"No",30,"Sales","Sales Executive","Female","Divorced","Travel_Rarely",5,3,"Marketing",4,2,2,3,6118,1,"No",13,3,3,3,10,2,3,10,9,1,2,"25-34","6-10 years","5000-6999","1-5","0-1 years",0
458,"No",27,"Sales","Sales Executive","Female","Married","Travel_Rarely",8,4,"Marketing",2,3,2,2,6214,1,"No",18,3,1,1,8,3,3,8,7,0,7,"25-34","6-10 years","5000-6999","6-10","0-1 years",0
460,"No",37,"Research & Development","Manufacturing Director","Male","Divorced","Travel_Rarely",5,2,"Medical",4,3,2,4,6347,7,"No",16,3,3,2,8,2,2,6,2,0,4,"35-44","6-10 years","5000-6999","1-5","0-1 years",0
461,"No",38,"Research & Development","Research Director","Male","Divorced","Travel_Rarely",15,2,"Life Sciences",3,2,3,4,11510,0,"Yes",14,3,2,1,12,3,3,11,10,2,9,"35-44","10+ years","10000+","11-20","2-3 years",0
462,"No",31,"Research & Development","Manufacturing Director","Female","Single","Travel_Rarely",7,4,"Medical",3,3,3,4,7143,1,"Yes",14,3,3,0,11,2,2,11,9,4,10,"25-34","10+ years","7000-9999","6-10","4-5 years",0
463,"No",29,"Sales","Sales Executive","Female","Divorced","Travel_Rarely",10,1,"Marketing",4,2,2,2,8268,1,"Yes",14,3,1,2,7,2,3,7,7,1,7,"25-34","6-10 years","7000-9999","6-10","0-1 years",0
464,"No",35,"Research & Development","Manufacturing Director","Male","Single","Travel_Rarely",5,4,"Technical Degree",3,3,3,2,8095,0,"No",13,3,4,0,17,5,3,16,6,0,13,"35-44","10+ years","7000-9999","1-5","0-1 years",0
465,"No",23,"Research & Development","Research Scientist","Male","Divorced","Travel_Rarely",26,1,"Life Sciences",3,3,1,4,2904,1,"No",12,3,3,2,4,2,2,4,2,0,2,"Under 25","3-5 years","Under 3000","21+","0-1 years",0
466,"No",41,"Research & Development","Manufacturing Director","Male","Single","Travel_Rarely",6,3,"Medical",4,2,2,2,6032,6,"Yes",15,3,4,0,8,3,3,5,4,1,2,"35-44","3-5 years","5000-6999","6-10","0-1 years",0
467,"No",47,"Sales","Sales Representative","Male","Single","Travel_Frequently",4,1,"Medical",2,3,2,3,2976,3,"No",19,3,1,0,5,3,3,0,0,0,0,"45-54","Under 1 year","Under 3000","1-5","0-1 years",0
468,"No",42,"Research & Development","Research Director","Female","Single","Travel_Rarely",23,5,"Life Sciences",1,3,4,4,15992,2,"No",14,3,2,0,16,2,3,1,0,0,0,"35-44","1-2 years","10000+","21+","0-1 years",0
469,"No",29,"Sales","Sales Executive","Male","Married","Non-Travel",2,3,"Life Sciences",4,3,2,3,4649,1,"No",14,3,1,1,4,3,2,4,3,0,2,"25-34","3-5 years","3000-4999","1-5","0-1 years",0
470,"No",42,"Human Resources","Human Resources","Male","Divorced","Travel_Rarely",2,1,"Technical Degree",3,3,1,3,2696,0,"Yes",11,3,3,1,4,5,3,3,2,1,0,"35-44","3-5 years","Under 3000","1-5","0-1 years",0
471,"No",32,"Research & Development","Laboratory Technician","Female","Married","Travel_Rarely",2,3,"Medical",3,3,1,2,2370,1,"No",13,3,3,1,8,4,3,8,0,0,7,"25-34","6-10 years","Under 3000","1-5","0-1 years",0
473,"No",48,"Sales","Manager","Female","Married","Travel_Rarely",29,1,"Medical",1,3,3,3,12504,3,"No",21,4,2,1,15,3,1,0,0,0,0,"45-54","Under 1 year","10000+","21+","0-1 years",0
474,"No",37,"Research & Development","Research Scientist","Male","Divorced","Travel_Rarely",6,3,"Medical",3,4,2,1,5974,4,"Yes",13,3,1,2,13,2,3,7,7,6,7,"35-44","6-10 years","5000-6999","6-10","6+ years",0
475,"No",30,"Sales","Sales Executive","Female","Married","Non-Travel",25,2,"Technical Degree",4,3,2,3,4736,7,"Yes",12,3,2,1,4,2,4,2,2,2,2,"25-34","1-2 years","3000-4999","21+","2-3 years",0
476,"No",26,"Sales","Sales Executive","Male","Married","Travel_Rarely",1,3,"Life Sciences",3,3,2,3,5296,1,"No",17,3,2,1,8,3,3,8,7,7,7,"25-34","6-10 years","5000-6999","1-5","6+ years",0
477,"No",42,"Research & Development","Healthcare Representative","Male","Single","Travel_Rarely",2,4,"Other",1,2,2,4,6781,3,"No",23,4,2,0,14,6,3,1,0,0,0,"35-44","1-2 years","5000-6999","1-5","0-1 years",0
478,"Yes",21,"Sales","Sales Representative","Female","Single","Travel_Frequently",1,1,"Technical Degree",1,2,1,2,2174,1,"Yes",11,3,3,0,3,3,3,3,2,1,2,"Under 25","3-5 years","Under 3000","1-5","0-1 years",1
479,"No",36,"Sales","Sales Executive","Female","Single","Non-Travel",1,5,"Medical",4,3,2,4,6653,4,"No",15,3,2,0,7,6,3,1,0,0,0,"35-44","1-2 years","5000-6999","1-5","0-1 years",0
481,"No",36,"Sales","Sales Executive","Male","Married","Travel_Frequently",3,4,"Medical",1,2,3,4,9699,4,"No",11,3,1,1,16,2,3,13,9,1,12,"35-44","10+ years","7000-9999","1-5","0-1 years",0
482,"No",57,"Research & Development","Healthcare Representative","Male","Married","Travel_Rarely",1,4,"Medical",4,3,2,3,6755,2,"No",11,3,3,0,15,2,3,3,2,1,2,"55+","3-5 years","5000-6999","1-5","0-1 years",0
483,"No",40,"Research & Development","Laboratory Technician","Female","Married","Travel_Rarely",10,4,"Life Sciences",4,4,1,3,2213,3,"Yes",13,3,3,1,10,3,3,7,7,1,7,"35-44","6-10 years","Under 3000","6-10","0-1 years",0
484,"No",21,"Sales","Sales Representative","Male","Single","Non-Travel",9,2,"Medical",1,3,1,4,2610,1,"No",24,4,3,0,3,3,2,3,2,2,2,"Under 25","3-5 years","Under 3000","6-10","2-3 years",0
485,"Yes",33,"Sales","Sales Representative","Female","Single","Travel_Rarely",5,3,"Marketing",4,3,1,3,2851,1,"Yes",13,3,2,0,1,2,3,1,0,0,0,"25-34","1-2 years","Under 3000","1-5","0-1 years",1
486,"No",37,"Research & Development","Laboratory Technician","Female","Married","Travel_Rarely",10,3,"Medical",3,3,1,1,3452,6,"No",20,4,2,1,17,3,3,5,4,0,3,"35-44","3-5 years","3000-4999","6-10","0-1 years",0
487,"No",46,"Research & Development","Manufacturing Director","Female","Married","Non-Travel",7,4,"Medical",3,3,2,3,5258,2,"No",14,3,3,0,7,2,4,1,0,0,0,"45-54","1-2 years","5000-6999","6-10","0-1 years",0
488,"Yes",41,"Sales","Sales Executive","Male","Single","Travel_Frequently",4,3,"Marketing",1,3,2,2,9355,1,"No",18,3,3,0,8,5,3,8,7,7,7,"35-44","6-10 years","7000-9999","1-5","6+ years",1
491,"No",50,"Research & Development","Healthcare Representative","Male","Single","Travel_Rarely",10,3,"Technical Degree",4,2,3,4,10496,6,"No",15,3,4,0,20,2,3,4,3,1,3,"45-54","3-5 years","10000+","6-10","0-1 years",0
492,"Yes",40,"Sales","Sales Executive","Male","Married","Travel_Rarely",22,2,"Marketing",3,2,2,3,6380,2,"Yes",12,3,1,2,8,6,3,6,4,1,0,"35-44","6-10 years","5000-6999","21+","0-1 years",1
493,"No",31,"Research & Development","Research Scientist","Male","Single","Travel_Rarely",9,4,"Life Sciences",3,2,1,2,2657,0,"Yes",16,3,4,0,3,5,3,2,2,2,2,"25-34","1-2 years","Under 3000","6-10","2-3 years",0
494,"Yes",21,"Sales","Sales Representative","Female","Single","Travel_Rarely",12,3,"Life Sciences",3,4,1,2,2716,1,"No",15,3,4,0,1,0,3,1,0,0,0,"Under 25","1-2 years","Under 3000","11-20","0-1 years",1
495,"No",29,"Research & Development","Research Scientist","Male","Single","Travel_Rarely",23,3,"Life Sciences",4,3,1,4,2201,9,"No",16,3,4,0,6,4,3,3,2,1,2,"25-34","3-5 years","Under 3000","21+","0-1 years",0
496,"No",35,"Research & Development","Healthcare Representative","Male","Single","Travel_Rarely",9,4,"Life Sciences",3,2,2,2,6540,9,"No",19,3,3,0,10,5,3,1,1,0,0,"35-44","1-2 years","5000-6999","6-10","0-1 years",0
497,"No",27,"Research & Development","Laboratory Technician","Male","Divorced","Travel_Rarely",1,2,"Medical",4,3,1,2,3816,1,"No",11,3,2,1,5,2,3,5,2,0,4,"25-34","3-5 years","3000-4999","1-5","0-1 years",0
498,"No",28,"Sales","Sales Executive","Male","Single","Travel_Rarely",9,4,"Life Sciences",2,3,2,4,5253,1,"No",16,3,4,0,7,1,3,7,5,0,7,"25-34","6-10 years","5000-6999","6-10","0-1 years",0
499,"No",49,"Research & Development","Healthcare Representative","Male","Single","Travel_Rarely",7,3,"Other",2,2,3,3,10965,8,"No",24,4,3,0,26,2,3,5,2,0,0,"45-54","3-5 years","10000+","6-10","0-1 years",0
500,"No",51,"Sales","Sales Executive","Female","Married","Travel_Rarely",14,2,"Life Sciences",3,3,2,4,4936,4,"No",11,3,3,1,18,2,2,7,7,0,7,"45-54","6-10 years","3000-4999","11-20","0-1 years",0
501,"No",36,"Research & Development","Research Scientist","Female","Married","Travel_Rarely",2,3,"Life Sciences",4,3,1,3,2543,4,"No",13,3,2,1,6,3,3,2,2,2,2,"35-44","1-2 years","Under 3000","1-5","2-3 years",0
502,"Yes",34,"Sales","Sales Executive","Male","Single","Non-Travel",19,3,"Marketing",1,4,2,4,5304,8,"Yes",13,3,2,0,9,3,2,5,2,0,4,"25-34","3-5 years","5000-6999","11-20","0-1 years",1
505,"No",55,"Research & Development","Manager","Female","Single","Travel_Rarely",2,3,"Life Sciences",3,3,4,4,16659,2,"Yes",13,3,3,0,30,2,3,5,4,1,2,"55+","3-5 years","10000+","1-5","0-1 years",0
507,"No",24,"Sales","Sales Executive","Female","Divorced","Travel_Rarely",10,4,"Marketing",4,3,2,3,4260,1,"Yes",12,3,4,1,5,2,4,5,2,0,3,"Under 25","3-5 years","3000-4999","6-10","0-1 years",0
508,"No",30,"Sales","Sales Representative","Male","Married","Travel_Rarely",2,1,"Technical Degree",3,3,1,2,2476,1,"No",18,3,1,1,1,3,3,1,0,0,0,"25-34","1-2 years","Under 3000","1-5","0-1 years",0
510,"Yes",26,"Research & Development","Research Scientist","Male","Single","Travel_Frequently",3,1,"Technical Degree",3,3,1,1,3102,0,"No",22,4,3,0,7,2,3,6,4,0,4,"25-34","6-10 years","3000-4999","1-5","0-1 years",1
511,"No",22,"Research & Development","Research Scientist","Female","Married","Travel_Rarely",11,3,"Medical",1,3,1,2,2244,1,"No",13,3,4,1,2,1,3,2,1,1,2,"Under 25","1-2 years","Under 3000","11-20","0-1 years",0
513,"No",36,"Sales","Sales Executive","Male","Married","Travel_Rarely",2,2,"Medical",2,2,3,3,7596,1,"No",13,3,2,2,10,2,3,10,9,9,0,"35-44","6-10 years","7000-9999","1-5","6+ years",0
514,"Yes",30,"Research & Development","Research Scientist","Male","Single","Travel_Frequently",4,3,"Technical Degree",3,3,1,4,2285,9,"Yes",23,4,3,0,3,4,3,1,0,0,0,"25-34","1-2 years","Under 3000","1-5","0-1 years",1
515,"No",37,"Research & Development","Laboratory Technician","Female","Divorced","Travel_Rarely",14,3,"Life Sciences",4,3,1,1,3034,1,"No",12,3,3,1,18,2,2,18,7,12,17,"35-44","10+ years","3000-4999","11-20","6+ years",0
516,"No",40,"Sales","Sales Executive","Female","Divorced","Travel_Rarely",2,2,"Marketing",4,3,2,2,5715,7,"No",12,3,3,2,8,5,3,5,4,1,3,"35-44","3-5 years","5000-6999","1-5","0-1 years",0
517,"No",42,"Research & Development","Laboratory Technician","Female","Divorced","Travel_Rarely",1,4,"Life Sciences",2,3,1,1,2576,3,"No",16,3,2,1,8,5,3,5,2,1,2,"35-44","3-5 years","Under 3000","1-5","0-1 years",0
518,"No",37,"Research & Development","Manufacturing Director","Male","Single","Travel_Rarely",10,4,"Life Sciences",3,3,2,2,4197,2,"Yes",12,3,4,0,18,2,2,1,0,0,1,"35-44","1-2 years","3000-4999","6-10","0-1 years",0
520,"No",43,"Research & Development","Research Director","Male","Divorced","Travel_Rarely",12,3,"Life Sciences",1,2,4,2,14336,1,"No",11,3,3,1,25,3,3,25,10,3,9,"35-44","10+ years","10000+","11-20","2-3 years",0
521,"No",40,"Research & Development","Laboratory Technician","Female","Married","Travel_Rarely",2,3,"Medical",2,2,2,3,3448,6,"No",22,4,2,1,20,3,3,1,0,0,0,"35-44","1-2 years","3000-4999","1-5","0-1 years",0
522,"No",54,"Research & Development","Research Director","Male","Married","Travel_Rarely",5,2,"Medical",1,3,5,1,19406,4,"No",11,3,3,1,24,4,2,4,2,1,2,"45-54","3-5 years","10000+","1-5","0-1 years",0
523,"No",34,"Sales","Sales Executive","Female","Married","Non-Travel",4,4,"Marketing",3,3,2,3,6538,9,"No",15,3,1,1,6,3,3,3,2,1,2,"25-34","3-5 years","5000-6999","1-5","0-1 years",0
524,"No",31,"Research & Development","Manufacturing Director","Female","Married","Travel_Rarely",7,2,"Medical",2,3,2,1,4306,1,"No",12,3,2,1,13,5,1,13,10,3,12,"25-34","10+ years","3000-4999","6-10","2-3 years",0
525,"No",43,"Research & Development","Laboratory Technician","Male","Married","Travel_Frequently",21,3,"Medical",4,3,1,4,2258,7,"No",20,4,1,1,8,1,3,3,2,1,2,"35-44","3-5 years","Under 3000","21+","0-1 years",0
526,"No",43,"Research & Development","Healthcare Representative","Female","Divorced","Travel_Rarely",8,4,"Other",3,3,2,3,4522,4,"Yes",14,3,4,0,8,3,3,5,2,0,2,"35-44","3-5 years","3000-4999","6-10","0-1 years",0
527,"No",25,"Sales","Sales Executive","Female","Single","Travel_Rarely",4,2,"Life Sciences",2,2,2,4,4487,1,"Yes",11,3,2,0,5,3,3,5,4,1,3,"25-34","3-5 years","3000-4999","1-5","0-1 years",0
529,"No",37,"Research & Development","Research Scientist","Female","Married","Non-Travel",25,5,"Medical",2,3,2,3,4449,3,"Yes",15,3,1,2,15,2,3,13,11,10,7,"35-44","10+ years","3000-4999","21+","6+ years",0
530,"No",31,"Research & Development","Laboratory Technician","Male","Married","Travel_Rarely",1,2,"Life Sciences",4,2,1,1,2218,1,"No",12,3,3,1,4,3,3,4,2,3,2,"25-34","3-5 years","Under 3000","1-5","2-3 years",0
531,"No",39,"Research & Development","Manager","Male","Divorced","Travel_Frequently",1,1,"Life Sciences",2,3,5,3,19197,1,"Yes",14,3,3,1,21,3,3,21,8,1,6,"35-44","10+ years","10000+","1-5","0-1 years",0
532,"No",56,"Sales","Sales Executive","Female","Married","Travel_Frequently",6,3,"Life Sciences",3,4,4,1,13212,9,"No",11,3,4,3,36,0,2,7,7,7,7,"55+","6-10 years","10000+","6-10","6+ years",0
533,"No",30,"Sales","Sales Executive","Female","Single","Travel_Rarely",12,3,"Technical Degree",2,3,2,3,6577,0,"No",11,3,2,0,6,6,3,5,4,4,4,"25-34","3-5 years","5000-6999","11-20","4-5 years",0
534,"No",41,"Sales","Sales Executive","Male","Married","Travel_Rarely",1,3,"Marketing",2,4,3,1,8392,1,"No",16,3,3,1,10,2,3,10,7,0,7,"35-44","6-10 years","7000-9999","1-5","0-1 years",0
536,"No",28,"Research & Development","Laboratory Technician","Male","Divorced","Travel_Rarely",17,2,"Medical",3,3,2,1,4558,1,"No",12,3,4,1,10,2,3,10,0,1,8,"25-34","6-10 years","3000-4999","11-20","0-1 years",0
538,"Yes",25,"Research & Development","Laboratory Technician","Male","Married","Travel_Rarely",3,3,"Medical",1,3,1,1,4031,5,"No",13,3,3,1,6,5,3,2,2,0,2,"25-34","1-2 years","3000-4999","1-5","0-1 years",1
543,"No",52,"Research & Development","Manufacturing Director","Male","Married","Travel_Rarely",3,3,"Medical",4,2,3,3,7969,2,"Yes",14,3,3,0,28,4,3,5,4,0,4,"45-54","3-5 years","7000-9999","1-5","0-1 years",0
544,"No",45,"Research & Development","Research Scientist","Male","Married","Travel_Rarely",10,2,"Life Sciences",1,3,1,4,2654,3,"No",21,4,4,2,8,3,2,2,2,0,2,"45-54","1-2 years","Under 3000","6-10","0-1 years",0
546,"No",52,"Research & Development","Manager","Female","Married","Travel_Rarely",4,2,"Life Sciences",4,3,4,4,16555,2,"No",13,3,4,0,31,2,1,5,2,1,4,"45-54","3-5 years","10000+","1-5","0-1 years",0
547,"No",42,"Research & Development","Research Scientist","Female","Divorced","Travel_Frequently",29,2,"Life Sciences",1,3,2,3,4556,2,"No",11,3,2,1,19,3,3,5,4,0,2,"35-44","3-5 years","3000-4999","21+","0-1 years",0
548,"No",30,"Research & Development","Manufacturing Director","Female","Single","Travel_Rarely",2,3,"Life Sciences",3,1,2,4,6091,2,"No",20,4,3,0,11,2,3,5,4,0,2,"25-34","3-5 years","5000-6999","1-5","0-1 years",0
549,"No",60,"Research & Development","Manager","Female","Married","Travel_Rarely",7,3,"Life Sciences",1,3,5,1,19566,5,"No",11,3,4,0,33,5,1,29,8,11,10,"55+","10+ years","10000+","6-10","6+ years",0
550,"No",46,"Research & Development","Manufacturing Director","Female","Divorced","Travel_Rarely",18,3,"Medical",3,3,2,3,4810,2,"No",14,3,3,1,19,5,2,10,7,0,8,"45-54","6-10 years","3000-4999","11-20","0-1 years",0
551,"No",42,"Research & Development","Healthcare Representative","Female","Married","Travel_Frequently",28,4,"Technical Degree",4,2,2,4,4523,0,"No",11,3,4,3,7,4,4,6,5,0,4,"35-44","6-10 years","3000-4999","21+","0-1 years",0
554,"Yes",24,"Sales","Sales Representative","Female","Single","Travel_Rarely",1,1,"Technical Degree",1,3,1,2,3202,1,"Yes",16,3,2,0,6,4,3,5,3,1,4,"Under 25","3-5 years","3000-4999","1-5","0-1 years",1
555,"Yes",34,"Sales","Sales Representative","Female","Divorced","Travel_Frequently",6,2,"Marketing",4,1,1,3,2351,0,"No",16,3,4,1,3,3,2,2,2,1,0,"25-34","1-2 years","Under 3000","6-10","0-1 years",1
556,"No",38,"Research & Development","Laboratory Technician","Male","Married","Travel_Frequently",2,2,"Life Sciences",4,3,1,4,1702,1,"Yes",23,4,3,1,1,3,3,1,0,0,0,"35-44","1-2 years","Under 3000","1-5","0-1 years",0
558,"No",40,"Sales","Manager","Female","Married","Travel_Rarely",2,4,"Life Sciences",3,3,5,3,18041,0,"No",14,3,4,0,21,2,3,20,15,1,12,"35-44","10+ years","10000+","1-5","0-1 years",0
560,"No",26,"Research & Development","Research Scientist","Female","Divorced","Travel_Rarely",23,3,"Life Sciences",1,3,1,4,2886,1,"No",22,4,2,2,3,3,1,3,2,0,2,"25-34","3-5 years","Under 3000","21+","0-1 years",0
562,"No",30,"Research & Development","Laboratory Technician","Male","Married","Non-Travel",3,3,"Life Sciences",3,3,1,4,2097,4,"No",15,3,3,1,9,3,1,5,3,1,4,"25-34","3-5 years","Under 3000","1-5","0-1 years",0
564,"No",29,"Research & Development","Research Director","Male","Married","Travel_Rarely",3,4,"Medical",2,2,3,3,11935,1,"No",18,3,3,0,10,2,3,10,2,0,7,"25-34","6-10 years","10000+","1-5","0-1 years",0
565,"Yes",29,"Research & Development","Research Scientist","Female","Married","Travel_Rarely",25,5,"Technical Degree",3,2,1,2,2546,5,"No",16,3,2,0,6,2,4,2,2,1,1,"25-34","1-2 years","Under 3000","21+","0-1 years",1
566,"Yes",19,"Human Resources","Human Resources","Male","Single","Travel_Rarely",2,2,"Technical Degree",1,2,1,4,2564,1,"No",12,3,3,0,1,3,4,1,0,0,0,"Under 25","1-2 years","Under 3000","1-5","0-1 years",1
567,"No",30,"Sales","Sales Executive","Female","Married","Non-Travel",22,4,"Other",3,3,3,1,8412,0,"No",11,3,3,0,10,3,3,9,8,7,8,"25-34","6-10 years","7000-9999","21+","6+ years",0
568,"No",57,"Sales","Manager","Male","Divorced","Travel_Rarely",29,3,"Marketing",1,2,4,4,14118,3,"No",12,3,3,1,32,3,2,1,0,0,0,"55+","1-2 years","10000+","21+","0-1 years",0
569,"No",50,"Research & Development","Manager","Male","Married","Travel_Rarely",29,4,"Life Sciences",2,2,4,3,17046,0,"No",15,3,2,1,28,2,3,27,10,15,7,"45-54","10+ years","10000+","21+","6+ years",0
571,"No",30,"Research & Development","Laboratory Technician","Female","Single","Non-Travel",2,3,"Medical",3,3,1,4,2564,0,"No",14,3,3,0,12,2,2,11,7,6,7,"25-34","10+ years","Under 3000","1-5","6+ years",0
573,"No",60,"Sales","Sales Executive","Female","Married","Travel_Frequently",28,3,"Marketing",3,2,3,1,10266,4,"No",19,3,4,0,22,5,4,18,13,13,11,"55+","10+ years","10000+","21+","6+ years",0
574,"No",47,"Research & Development","Manufacturing Director","Female","Divorced","Travel_Rarely",2,2,"Medical",1,3,2,4,5070,5,"No",13,3,3,3,20,2,3,5,0,0,4,"45-54","3-5 years","5000-6999","1-5","0-1 years",0
575,"No",46,"Research & Development","Research Director","Male","Married","Travel_Rarely",2,3,"Life Sciences",1,3,4,3,17861,6,"No",13,3,3,0,26,2,1,3,2,0,1,"45-54","3-5 years","10000+","1-5","0-1 years",0
577,"No",35,"Research & Development","Laboratory Technician","Male","Single","Travel_Rarely",22,3,"Life Sciences",4,1,1,3,4230,0,"No",15,3,3,0,6,2,3,5,4,4,3,"35-44","3-5 years","3000-4999","21+","4-5 years",0
578,"No",54,"Research & Development","Laboratory Technician","Female","Single","Travel_Rarely",8,4,"Life Sciences",3,3,2,3,3780,7,"No",11,3,3,0,19,3,3,1,0,0,0,"45-54","1-2 years","3000-4999","6-10","0-1 years",0
579,"No",34,"Research & Development","Research Scientist","Male","Divorced","Travel_Rarely",2,4,"Life Sciences",4,2,1,3,2768,3,"No",12,3,3,1,14,3,3,7,3,5,7,"25-34","6-10 years","Under 3000","1-5","4-5 years",0
580,"No",46,"Sales","Sales Executive","Female","Married","Travel_Rarely",10,3,"Marketing",3,2,3,4,9071,2,"Yes",19,3,3,1,15,3,3,3,2,1,2,"45-54","3-5 years","7000-9999","6-10","0-1 years",0
581,"No",31,"Research & Development","Manufacturing Director","Male","Divorced","Travel_Rarely",9,1,"Life Sciences",3,3,3,2,10648,1,"No",25,4,4,1,13,6,4,13,8,0,8,"25-34","10+ years","10000+","6-10","0-1 years",0
582,"Yes",33,"Research & Development","Manager","Male","Married","Travel_Rarely",15,1,"Medical",2,3,3,3,13610,7,"Yes",12,3,4,0,15,2,4,7,6,7,7,"25-34","6-10 years","10000+","11-20","6+ years",1
584,"Yes",33,"Research & Development","Laboratory Technician","Male","Divorced","Travel_Rarely",10,1,"Medical",1,1,1,4,3408,7,"No",13,3,1,3,8,2,3,4,3,1,3,"25-34","3-5 years","3000-4999","6-10","0-1 years",1
585,"No",30,"Sales","Sales Representative","Male","Single","Travel_Rarely",7,1,"Marketing",4,3,1,2,2983,0,"No",14,3,1,0,4,3,3,3,2,1,2,"25-34","3-5 years","Under 3000","6-10","0-1 years",0
586,"No",35,"Research & Development","Healthcare Representative","Male","Married","Travel_Rarely",16,3,"Life Sciences",4,3,3,3,7632,4,"Yes",12,3,3,0,10,2,3,8,7,0,0,"35-44","6-10 years","7000-9999","11-20","0-1 years",0
587,"Yes",31,"Research & Development","Healthcare Representative","Male","Married","Travel_Frequently",20,3,"Life Sciences",1,3,3,3,9824,3,"No",12,3,1,0,12,2,3,1,0,0,0,"25-34","1-2 years","7000-9999","11-20","0-1 years",1
590,"Yes",34,"Human Resources","Human Resources","Female","Divorced","Travel_Frequently",23,3,"Human Resources",2,3,3,1,9950,9,"Yes",15,3,3,3,11,2,3,3,2,0,2,"25-34","3-5 years","7000-9999","21+","0-1 years",1
591,"No",42,"Research & Development","Laboratory Technician","Male","Married","Travel_Frequently",5,2,"Other",2,3,1,3,2093,4,"No",17,3,4,1,8,4,3,2,2,2,0,"35-44","1-2 years","Under 3000","1-5","2-3 years",0
592,"No",36,"Sales","Sales Executive","Male","Single","Non-Travel",10,4,"Medical",2,3,3,4,9980,1,"No",14,3,4,0,10,3,2,10,3,9,7,"35-44","6-10 years","7000-9999","6-10","6+ years",0
593,"Yes",22,"Research & Development","Laboratory Technician","Male","Single","Travel_Frequently",4,1,"Technical Degree",3,2,1,3,3894,5,"No",16,3,3,0,4,3,3,2,2,1,2,"Under 25","1-2 years","3000-4999","1-5","0-1 years",1
595,"No",48,"Sales","Sales Executive","Female","Married","Travel_Rarely",2,5,"Marketing",2,3,2,4,4051,2,"No",14,3,1,1,14,2,3,9,7,6,7,"45-54","6-10 years","3000-4999","1-5","6+ years",0
597,"No",55,"Sales","Manager","Female","Single","Travel_Rarely",18,5,"Life Sciences",1,3,4,2,16835,3,"No",23,4,4,0,37,2,3,10,9,7,7,"55+","6-10 years","10000+","11-20","6+ years",0
599,"No",41,"Sales","Sales Executive","Male","Single","Non-Travel",10,2,"Life Sciences",4,3,2,4,6230,7,"No",14,3,4,0,16,3,3,14,3,1,10,"35-44","10+ years","5000-6999","6-10","0-1 years",0
600,"No",35,"Sales","Sales Executive","Male","Married","Travel_Rarely",1,3,"Marketing",2,3,2,3,4717,9,"No",11,3,3,0,15,2,3,11,9,6,9,"35-44","10+ years","3000-4999","1-5","6+ years",0
601,"No",40,"Research & Development","Manufacturing Director","Female","Single","Travel_Rarely",6,3,"Life Sciences",2,3,4,3,13237,7,"No",15,3,3,0,22,3,3,20,6,5,13,"35-44","10+ years","10000+","6-10","4-5 years",0
602,"No",39,"Research & Development","Laboratory Technician","Female","Married","Travel_Frequently",8,1,"Life Sciences",3,3,1,3,3755,1,"No",11,3,1,1,8,3,3,8,3,0,7,"35-44","6-10 years","3000-4999","6-10","0-1 years",0
604,"No",31,"Sales","Sales Executive","Male","Single","Travel_Rarely",2,1,"Life Sciences",2,3,2,4,6582,4,"Yes",13,3,3,0,10,2,4,6,5,0,5,"25-34","6-10 years","5000-6999","1-5","0-1 years",0
605,"No",42,"Research & Development","Manufacturing Director","Male","Married","Travel_Rarely",24,3,"Medical",4,3,3,1,7406,1,"Yes",21,4,4,1,10,5,2,10,9,5,8,"35-44","6-10 years","7000-9999","21+","4-5 years",0
606,"No",45,"Sales","Sales Executive","Male","Married","Travel_Rarely",2,3,"Other",4,3,2,2,4805,0,"No",19,3,2,1,9,3,4,8,7,3,7,"45-54","6-10 years","3000-4999","1-5","2-3 years",0
608,"Yes",26,"Human Resources","Human Resources","Female","Divorced","Travel_Frequently",17,4,"Life Sciences",2,3,1,3,2741,0,"Yes",11,3,2,1,8,2,2,7,7,1,0,"25-34","6-10 years","Under 3000","11-20","0-1 years",1
611,"No",29,"Research & Development","Manufacturing Director","Male","Divorced","Travel_Rarely",19,3,"Technical Degree",4,3,2,4,4262,4,"No",12,3,2,2,8,2,4,3,2,1,2,"25-34","3-5 years","3000-4999","11-20","0-1 years",0
612,"No",33,"Research & Development","Research Director","Female","Divorced","Travel_Rarely",1,5,"Medical",1,4,4,3,16184,4,"No",19,3,3,1,10,2,3,6,1,0,5,"25-34","6-10 years","10000+","1-5","0-1 years",0
613,"No",31,"Sales","Manager","Male","Divorced","Travel_Rarely",7,3,"Life Sciences",3,2,3,4,11557,9,"No",21,4,3,1,10,3,2,5,4,0,1,"25-34","3-5 years","10000+","6-10","0-1 years",0
614,"Yes",18,"Sales","Sales Representative","Male","Single","Travel_Frequently",5,3,"Marketing",2,3,1,2,1878,1,"Yes",14,3,4,0,0,3,3,0,0,0,0,"Under 25","Under 1 year","Under 3000","1-5","0-1 years",1
615,"No",40,"Sales","Sales Executive","Male","Divorced","Non-Travel",28,3,"Other",3,1,3,1,10932,3,"No",15,3,3,1,20,2,3,1,0,0,1,"35-44","1-2 years","10000+","21+","0-1 years",0
616,"No",41,"Research & Development","Healthcare Representative","Female","Single","Non-Travel",2,4,"Other",1,2,2,3,6811,2,"Yes",17,3,1,0,10,3,3,8,7,0,7,"35-44","6-10 years","5000-6999","1-5","0-1 years",0
618,"No",26,"Sales","Sales Executive","Male","Divorced","Travel_Rarely",29,2,"Medical",1,3,2,3,4306,5,"No",12,3,1,2,8,5,3,0,0,0,0,"25-34","Under 1 year","3000-4999","21+","0-1 years",0
620,"No",35,"Sales","Sales Executive","Female","Single","Travel_Rarely",1,3,"Medical",1,3,2,3,4859,1,"No",16,3,4,0,5,3,3,5,4,0,3,"35-44","3-5 years","3000-4999","1-5","0-1 years",0
621,"No",34,"Sales","Sales Executive","Male","Single","Travel_Rarely",21,4,"Life Sciences",4,4,2,4,5337,1,"No",12,3,4,0,10,3,3,10,7,5,7,"25-34","6-10 years","5000-6999","21+","4-5 years",0
622,"Yes",26,"Research & Development","Laboratory Technician","Male","Single","Travel_Rarely",24,3,"Technical Degree",3,1,1,4,2340,1,"Yes",18,3,2,0,1,3,1,1,0,0,0,"25-34","1-2 years","Under 3000","21+","0-1 years",1
623,"No",37,"Research & Development","Manufacturing Director","Female","Single","Travel_Rarely",1,3,"Technical Degree",2,3,3,4,7491,4,"No",17,3,4,0,12,3,4,6,5,1,2,"35-44","6-10 years","7000-9999","1-5","0-1 years",0
624,"No",46,"Research & Development","Healthcare Representative","Female","Married","Travel_Frequently",18,1,"Medical",1,3,3,3,10527,5,"No",11,3,4,0,28,3,2,2,2,1,2,"45-54","1-2 years","10000+","11-20","0-1 years",0
625,"No",41,"Sales","Manager","Female","Married","Travel_Rarely",2,5,"Life Sciences",2,3,4,1,16595,7,"No",16,3,2,1,22,2,3,18,16,11,8,"35-44","10+ years","10000+","1-5","6+ years",0
626,"No",37,"Sales","Sales Executive","Male","Divorced","Non-Travel",9,4,"Medical",1,3,3,2,8834,1,"No",13,3,4,1,9,6,3,9,5,7,7,"35-44","6-10 years","7000-9999","6-10","6+ years",0
630,"No",52,"Research & Development","Research Scientist","Male","Divorced","Travel_Rarely",6,2,"Technical Degree",4,3,2,1,5577,3,"Yes",12,3,2,2,18,3,3,10,9,6,9,"45-54","6-10 years","5000-6999","6-10","6+ years",0
631,"Yes",32,"Sales","Sales Executive","Male","Married","Non-Travel",11,4,"Other",4,4,2,3,4707,8,"No",12,3,4,0,6,2,3,4,2,1,2,"25-34","3-5 years","3000-4999","11-20","0-1 years",1
632,"No",24,"Sales","Sales Representative","Male","Married","Travel_Frequently",24,3,"Medical",4,3,1,4,2400,0,"No",13,3,3,2,3,3,3,2,2,2,1,"Under 25","1-2 years","Under 3000","21+","2-3 years",0
634,"No",38,"Research & Development","Healthcare Representative","Female","Married","Travel_Rarely",10,3,"Medical",3,3,2,3,9824,3,"No",19,3,3,1,18,4,3,1,0,0,0,"35-44","1-2 years","7000-9999","6-10","0-1 years",0
635,"No",37,"Research & Development","Manufacturing Director","Female","Married","Travel_Rarely",1,4,"Life Sciences",2,3,2,2,6447,6,"No",12,3,2,1,8,2,2,6,5,4,3,"35-44","6-10 years","5000-6999","1-5","4-5 years",0
638,"No",49,"Research & Development","Research Director","Male","Divorced","Travel_Rarely",18,4,"Life Sciences",4,2,5,3,19502,1,"Yes",17,3,3,1,31,5,3,31,9,0,9,"45-54","10+ years","10000+","11-20","0-1 years",0
639,"No",24,"Research & Development","Research Scientist","Male","Married","Travel_Rarely",23,3,"Medical",2,4,1,4,2725,1,"Yes",11,3,2,2,6,3,3,6,5,1,4,"Under 25","6-10 years","Under 3000","21+","0-1 years",0
641,"No",26,"Sales","Sales Executive","Male","Married","Travel_Rarely",28,2,"Marketing",1,3,2,2,6272,1,"No",20,4,4,2,6,5,4,5,3,1,4,"25-34","3-5 years","5000-6999","21+","0-1 years",0
643,"No",24,"Research & Development","Laboratory Technician","Male","Married","Travel_Rarely",17,2,"Other",4,2,1,2,2127,1,"No",21,4,4,1,1,2,3,1,0,0,0,"Under 25","1-2 years","Under 3000","11-20","0-1 years",0
644,"No",50,"Human Resources","Manager","Male","Married","Travel_Frequently",3,3,"Medical",1,3,5,2,18200,1,"No",11,3,3,1,32,2,3,32,5,10,7,"45-54","10+ years","10000+","1-5","6+ years",0
645,"No",25,"Sales","Sales Representative","Male","Married","Travel_Rarely",13,1,"Medical",2,3,1,3,2096,1,"No",11,3,3,0,7,1,3,7,4,0,6,"25-34","6-10 years","Under 3000","11-20","0-1 years",0
647,"Yes",24,"Research & Development","Laboratory Technician","Female","Married","Travel_Frequently",7,3,"Life Sciences",1,3,1,3,2886,1,"Yes",16,3,4,1,6,4,3,6,3,1,2,"Under 25","6-10 years","Under 3000","6-10","0-1 years",1
648,"Yes",30,"Sales","Sales Representative","Male","Married","Travel_Frequently",12,4,"Life Sciences",2,2,1,1,2033,1,"No",18,3,3,1,1,2,4,1,0,0,0,"25-34","1-2 years","Under 3000","11-20","0-1 years",1
649,"No",34,"Research & Development","Research Scientist","Male","Married","Travel_Rarely",1,2,"Life Sciences",2,2,1,4,3622,1,"Yes",13,3,4,1,6,3,3,6,5,1,3,"25-34","6-10 years","3000-4999","1-5","0-1 years",0
650,"Yes",31,"Sales","Sales Executive","Male","Divorced","Travel_Rarely",13,4,"Medical",2,3,2,1,4233,2,"No",17,3,3,0,9,2,1,3,1,1,2,"25-34","3-5 years","3000-4999","11-20","0-1 years",1
652,"No",35,"Research & Development","Laboratory Technician","Male","Single","Travel_Rarely",25,2,"Other",1,2,2,4,3681,4,"No",14,3,4,0,9,3,3,3,2,0,2,"35-44","3-5 years","3000-4999","21+","0-1 years",0
653,"No",31,"Sales","Sales Executive","Male","Divorced","Travel_Rarely",6,4,"Medical",1,4,2,4,5460,4,"No",22,4,4,2,13,4,4,7,7,5,7,"25-34","6-10 years","5000-6999","6-10","4-5 years",0
655,"No",27,"Research & Development","Research Scientist","Female","Divorced","Travel_Rarely",6,4,"Medical",1,2,1,3,2187,0,"No",12,3,3,2,6,5,2,5,3,0,3,"25-34","3-5 years","Under 3000","6-10","0-1 years",0
656,"No",37,"Sales","Sales Executive","Male","Married","Travel_Rarely",2,3,"Marketing",4,3,2,3,9602,4,"Yes",11,3,3,1,17,3,2,3,0,1,0,"35-44","3-5 years","7000-9999","1-5","0-1 years",0
657,"No",20,"Research & Development","Research Scientist","Female","Single","Travel_Rarely",1,3,"Life Sciences",4,2,1,2,2836,1,"No",13,3,4,0,1,0,4,1,0,0,0,"Under 25","1-2 years","Under 3000","1-5","0-1 years",0
659,"No",42,"Research & Development","Healthcare Representative","Female","Married","Travel_Rarely",2,4,"Life Sciences",3,3,2,4,4089,1,"No",13,3,2,2,10,4,3,10,2,2,2,"35-44","6-10 years","3000-4999","1-5","2-3 years",0
661,"No",43,"Research & Development","Research Director","Male","Divorced","Travel_Rarely",6,4,"Other",2,2,4,4,16627,4,"Yes",14,3,3,1,21,3,2,1,0,0,0,"35-44","1-2 years","10000+","6-10","0-1 years",0
662,"No",38,"Research & Development","Research Scientist","Female","Single","Travel_Rarely",1,1,"Life Sciences",3,3,1,1,2619,3,"No",17,3,4,0,8,3,2,0,0,0,0,"35-44","Under 1 year","Under 3000","1-5","0-1 years",0
663,"No",43,"Research & Development","Laboratory Technician","Male","Divorced","Travel_Frequently",9,5,"Medical",4,3,2,3,5679,3,"Yes",13,3,2,1,10,3,3,8,7,4,7,"35-44","6-10 years","5000-6999","6-10","4-5 years",0
664,"No",48,"Research & Development","Manager","Female","Married","Travel_Rarely",1,4,"Life Sciences",4,2,4,1,15402,7,"No",11,3,1,1,21,3,1,3,2,0,2,"45-54","3-5 years","10000+","1-5","0-1 years",0
665,"No",44,"Human Resources","Human Resources","Female","Single","Travel_Rarely",1,4,"Life Sciences",1,2,2,3,5985,4,"No",11,3,2,0,10,1,4,2,2,0,2,"35-44","1-2 years","5000-6999","1-5","0-1 years",0
666,"No",34,"Sales","Sales Representative","Female","Divorced","Travel_Rarely",14,3,"Technical Degree",3,3,1,3,2579,1,"Yes",18,3,4,2,8,3,3,8,2,0,6,"25-34","6-10 years","Under 3000","11-20","0-1 years",0
667,"Yes",27,"Sales","Sales Representative","Male","Divorced","Travel_Rarely",2,1,"Marketing",3,3,1,1,3041,0,"No",11,3,2,1,5,3,3,4,3,0,2,"25-34","3-5 years","3000-4999","1-5","0-1 years",1
669,"No",21,"Sales","Sales Representative","Male","Single","Travel_Rarely",22,1,"Technical Degree",3,3,1,3,3447,1,"No",11,3,3,0,3,2,3,3,2,1,2,"Under 25","3-5 years","3000-4999","21+","0-1 years",0
671,"No",44,"Research & Development","Manager","Male","Married","Travel_Rarely",3,4,"Other",4,3,5,4,19513,4,"Yes",12,3,1,1,26,2,4,2,2,0,1,"35-44","1-2 years","10000+","1-5","0-1 years",0
675,"No",22,"Research & Development","Research Scientist","Male","Married","Travel_Rarely",6,1,"Medical",1,3,1,3,2773,0,"No",20,4,4,0,3,3,3,2,2,2,2,"Under 25","1-2 years","Under 3000","6-10","2-3 years",0
677,"No",33,"Sales","Sales Executive","Male","Divorced","Travel_Rarely",8,4,"Marketing",3,3,2,3,7104,0,"No",12,3,4,0,6,3,3,5,0,1,2,"25-34","3-5 years","7000-9999","6-10","0-1 years",0
679,"No",32,"Research & Development","Research Scientist","Female","Married","Travel_Rarely",9,4,"Life Sciences",1,3,2,4,6322,1,"Yes",12,3,4,1,6,2,2,6,4,0,5,"25-34","6-10 years","5000-6999","6-10","0-1 years",0
680,"No",30,"Research & Development","Research Scientist","Female","Divorced","Travel_Frequently",3,3,"Medical",3,3,1,3,2083,1,"No",20,4,3,1,1,2,3,1,0,0,0,"25-34","1-2 years","Under 3000","1-5","0-1 years",0
682,"No",53,"Sales","Sales Executive","Female","Single","Travel_Rarely",1,1,"Medical",4,3,2,1,8381,7,"No",20,4,4,0,18,2,4,14,7,8,10,"45-54","10+ years","7000-9999","1-5","6+ years",0
683,"No",34,"Research & Development","Research Scientist","Male","Married","Travel_Rarely",1,5,"Life Sciences",2,3,1,4,2691,1,"No",12,3,4,1,10,4,2,10,9,8,8,"25-34","6-10 years","Under 3000","1-5","6+ years",0
684,"Yes",45,"Sales","Sales Executive","Female","Married","Travel_Frequently",26,4,"Life Sciences",1,3,2,1,4286,2,"No",14,3,4,2,5,4,3,1,1,0,0,"45-54","1-2 years","3000-4999","21+","0-1 years",1
686,"No",26,"Research & Development","Laboratory Technician","Female","Married","Travel_Rarely",6,3,"Life Sciences",3,3,1,4,2659,1,"Yes",13,3,3,1,3,2,3,3,2,0,2,"25-34","3-5 years","Under 3000","6-10","0-1 years",0
689,"No",37,"Research & Development","Manufacturing Director","Male","Married","Travel_Rarely",3,3,"Other",3,3,3,3,9434,1,"No",15,3,3,1,10,2,3,10,7,7,8,"35-44","6-10 years","7000-9999","1-5","6+ years",0
690,"No",29,"Sales","Sales Executive","Female","Married","Travel_Rarely",3,2,"Medical",2,3,2,3,5561,1,"No",14,3,1,1,6,5,2,6,0,1,2,"25-34","6-10 years","5000-6999","1-5","0-1 years",0
691,"No",35,"Research & Development","Research Scientist","Male","Single","Travel_Rarely",6,4,"Life Sciences",2,1,2,4,6646,1,"No",13,3,2,0,17,3,3,17,11,11,8,"35-44","10+ years","5000-6999","6-10","6+ years",0
692,"No",33,"Research & Development","Healthcare Representative","Male","Divorced","Travel_Frequently",6,3,"Life Sciences",3,3,2,4,7725,3,"No",23,4,3,1,15,2,1,13,11,4,7,"25-34","10+ years","7000-9999","6-10","4-5 years",0
698,"No",54,"Human Resources","Human Resources","Male","Married","Travel_Rarely",19,4,"Medical",3,3,3,2,10725,2,"No",15,3,3,1,16,1,4,9,7,7,1,"45-54","6-10 years","10000+","11-20","6+ years",0
699,"No",36,"Research & Development","Manufacturing Director","Male","Divorced","Travel_Rarely",9,2,"Medical",2,2,2,2,8847,2,"Yes",11,3,3,1,13,2,3,3,2,0,2,"35-44","3-5 years","7000-9999","6-10","0-1 years",0
700,"No",27,"Research & Development","Research Scientist","Male","Single","Travel_Rarely",3,4,"Medical",1,2,1,4,2045,0,"No",13,3,4,0,5,0,3,4,2,1,1,"25-34","3-5 years","Under 3000","1-5","0-1 years",0
701,"Yes",20,"Research & Development","Research Scientist","Male","Single","Travel_Rarely",10,1,"Medical",4,3,1,3,1009,1,"Yes",11,3,4,0,1,5,3,1,0,1,1,"Under 25","1-2 years","Under 3000","6-10","0-1 years",1
702,"Yes",33,"Research & Development","Research Scientist","Male","Single","Travel_Frequently",3,3,"Life Sciences",1,3,1,1,3348,1,"Yes",11,3,1,0,10,3,3,10,8,9,7,"25-34","6-10 years","3000-4999","1-5","6+ years",1
704,"No",35,"Research & Development","Laboratory Technician","Male","Married","Non-Travel",3,3,"Life Sciences",3,2,1,3,1281,1,"No",18,3,3,2,1,3,3,1,0,0,0,"35-44","1-2 years","Under 3000","1-5","0-1 years",0
705,"No",23,"Research & Development","Research Scientist","Male","Married","Travel_Rarely",4,3,"Medical",1,4,1,1,2819,2,"No",16,3,1,1,5,3,4,3,2,0,2,"Under 25","3-5 years","Under 3000","1-5","0-1 years",0
707,"No",25,"Sales","Sales Executive","Male","Married","Travel_Rarely",8,3,"Life Sciences",4,4,2,2,4851,0,"No",22,4,3,1,4,4,3,3,2,1,2,"25-34","3-5 years","3000-4999","6-10","0-1 years",0
709,"No",38,"Sales","Sales Executive","Female","Single","Travel_Rarely",7,4,"Marketing",4,2,2,4,4028,0,"No",20,4,1,0,8,2,3,7,7,0,5,"35-44","6-10 years","3000-4999","6-10","0-1 years",0
710,"No",29,"Research & Development","Research Scientist","Male","Divorced","Travel_Frequently",1,4,"Life Sciences",2,1,1,4,2720,1,"No",18,3,4,1,10,5,3,10,7,2,8,"25-34","6-10 years","Under 3000","1-5","2-3 years",0
712,"No",48,"Sales","Sales Executive","Male","Married","Travel_Rarely",2,1,"Marketing",2,4,2,2,8120,3,"No",12,3,4,0,12,3,3,2,2,2,2,"45-54","1-2 years","7000-9999","1-5","2-3 years",0
714,"No",27,"Sales","Sales Executive","Female","Divorced","Travel_Frequently",3,1,"Medical",4,4,2,4,4647,1,"Yes",20,4,2,2,6,3,3,6,5,0,4,"25-34","6-10 years","3000-4999","1-5","0-1 years",0
715,"No",37,"Research & Development","Research Scientist","Male","Single","Travel_Rarely",10,2,"Life Sciences",4,4,1,4,4680,3,"No",17,3,1,0,4,2,3,1,0,0,0,"35-44","1-2 years","3000-4999","6-10","0-1 years",0
716,"No",50,"Research & Development","Laboratory Technician","Male","Married","Travel_Rarely",28,1,"Medical",4,4,1,3,3221,1,"Yes",11,3,3,3,20,3,3,20,8,3,8,"45-54","10+ years","3000-4999","21+","2-3 years",0
717,"No",34,"Research & Development","Healthcare Representative","Female","Single","Travel_Rarely",9,3,"Medical",4,2,3,2,8621,1,"No",14,3,2,0,9,3,4,8,7,7,7,"25-34","6-10 years","7000-9999","6-10","6+ years",0
720,"Yes",24,"Sales","Sales Executive","Female","Single","Travel_Rarely",3,2,"Life Sciences",1,3,2,3,4577,9,"No",14,3,1,0,4,3,3,2,2,2,0,"Under 25","1-2 years","3000-4999","1-5","2-3 years",1
721,"No",39,"Research & Development","Healthcare Representative","Female","Single","Travel_Rarely",2,4,"Technical Degree",4,2,2,3,4553,1,"No",11,3,1,0,20,4,3,20,7,11,10,"35-44","10+ years","3000-4999","1-5","6+ years",0
722,"No",32,"Sales","Sales Executive","Male","Single","Travel_Rarely",10,3,"Marketing",4,3,2,4,5396,1,"No",12,3,4,0,10,2,2,10,7,0,8,"25-34","6-10 years","5000-6999","6-10","0-1 years",0
723,"Yes",50,"Sales","Sales Executive","Male","Married","Travel_Frequently",8,2,"Technical Degree",2,3,2,3,6796,3,"Yes",14,3,1,1,18,4,3,4,3,1,3,"45-54","3-5 years","5000-6999","6-10","0-1 years",1
724,"No",38,"Research & Development","Healthcare Representative","Female","Single","Travel_Rarely",1,4,"Life Sciences",2,4,2,4,7625,0,"No",13,3,3,0,10,4,2,9,7,1,8,"35-44","6-10 years","7000-9999","1-5","0-1 years",0
725,"No",27,"Research & Development","Manufacturing Director","Female","Married","Travel_Rarely",1,2,"Life Sciences",3,3,3,1,7412,1,"No",11,3,4,0,9,3,3,9,7,0,7,"25-34","6-10 years","7000-9999","1-5","0-1 years",0
727,"No",32,"Research & Development","Research Director","Female","Single","Travel_Rarely",3,2,"Life Sciences",3,3,3,4,11159,3,"No",15,3,4,0,10,6,3,7,7,7,7,"25-34","6-10 years","10000+","1-5","6+ years",0
728,"No",47,"Sales","Sales Executive","Male","Single","Travel_Rarely",14,4,"Marketing",4,3,2,1,4960,2,"No",12,3,4,0,20,2,3,7,7,1,7,"45-54","6-10 years","3000-4999","11-20","0-1 years",0
729,"No",40,"Sales","Sales Executive","Male","Married","Travel_Frequently",5,4,"Life Sciences",4,2,3,1,10475,5,"Yes",21,4,3,1,20,2,3,18,13,1,12,"35-44","10+ years","10000+","1-5","0-1 years",0
730,"No",53,"Research & Development","Research Director","Male","Married","Travel_Rarely",7,3,"Life Sciences",3,4,4,3,14814,3,"No",19,3,3,0,32,3,3,5,1,1,3,"45-54","3-5 years","10000+","6-10","0-1 years",0
731,"No",41,"Human Resources","Manager","Male","Divorced","Travel_Rarely",10,4,"Human Resources",2,2,5,4,19141,3,"No",15,3,2,3,23,2,2,21,6,12,6,"35-44","10+ years","10000+","6-10","6+ years",0
732,"No",60,"Sales","Sales Executive","Male","Single","Travel_Rarely",16,4,"Marketing",1,3,2,1,5405,8,"No",14,3,4,0,10,1,3,2,2,2,2,"55+","1-2 years","5000-6999","11-20","2-3 years",0
733,"No",27,"Research & Development","Manufacturing Director","Male","Divorced","Travel_Frequently",10,2,"Life Sciences",4,3,3,1,8793,1,"No",21,4,3,2,9,4,2,9,7,1,7,"25-34","6-10 years","7000-9999","6-10","0-1 years",0
734,"No",41,"Human Resources","Manager","Male","Married","Travel_Rarely",1,3,"Human Resources",4,2,5,3,19189,1,"No",12,3,2,1,22,3,3,22,7,2,10,"35-44","10+ years","10000+","1-5","2-3 years",0
738,"No",50,"Sales","Sales Representative","Male","Married","Travel_Rarely",8,4,"Marketing",4,3,1,2,3875,7,"No",15,3,4,1,4,2,3,2,2,2,2,"45-54","1-2 years","3000-4999","6-10","2-3 years",0
741,"Yes",28,"Research & Development","Research Scientist","Female","Single","Travel_Rarely",1,2,"Life Sciences",1,1,1,2,2216,7,"Yes",13,3,4,0,10,4,3,7,7,3,7,"25-34","6-10 years","Under 3000","1-5","2-3 years",1
742,"No",36,"Research & Development","Research Director","Female","Married","Non-Travel",8,3,"Life Sciences",1,4,3,1,11713,9,"No",14,3,1,1,10,2,3,8,7,0,5,"35-44","6-10 years","10000+","6-10","0-1 years",0
743,"No",38,"Research & Development","Manufacturing Director","Female","Single","Travel_Rarely",1,3,"Life Sciences",3,3,3,3,7861,4,"Yes",14,3,4,0,10,4,4,1,0,0,0,"35-44","1-2 years","7000-9999","1-5","0-1 years",0
744,"No",44,"Research & Development","Laboratory Technician","Male","Single","Non-Travel",24,3,"Medical",1,1,1,3,3708,2,"No",14,3,3,0,9,5,3,5,2,1,4,"35-44","3-5 years","3000-4999","21+","0-1 years",0
746,"No",47,"Sales","Sales Executive","Female","Divorced","Travel_Frequently",3,3,"Medical",4,3,4,3,13770,9,"Yes",12,3,4,2,28,2,2,22,2,11,13,"45-54","10+ years","10000+","1-5","6+ years",0
747,"No",30,"Sales","Sales Executive","Male","Divorced","Travel_Rarely",27,5,"Marketing",3,3,2,4,5304,7,"No",23,4,4,1,10,2,2,8,7,7,7,"25-34","6-10 years","5000-6999","21+","6+ years",0
749,"No",29,"Sales","Sales Representative","Male","Single","Travel_Rarely",10,3,"Life Sciences",3,3,1,3,2642,1,"No",11,3,3,0,1,6,3,1,0,0,0,"25-34","1-2 years","Under 3000","6-10","0-1 years",0
752,"Yes",42,"Research & Development","Research Scientist","Male","Divorced","Travel_Frequently",19,3,"Medical",3,4,1,3,2759,6,"Yes",12,3,4,0,7,2,3,2,2,2,2,"35-44","1-2 years","Under 3000","11-20","2-3 years",1
754,"No",43,"Sales","Sales Executive","Male","Married","Travel_Frequently",15,3,"Life Sciences",4,2,2,4,6804,3,"No",18,3,3,1,7,5,3,2,2,2,2,"35-44","1-2 years","5000-6999","11-20","2-3 years",0
757,"No",34,"Research & Development","Healthcare Representative","Female","Single","Travel_Rarely",8,2,"Medical",2,3,2,3,6142,3,"No",11,3,4,0,10,2,3,5,1,4,3,"25-34","3-5 years","5000-6999","6-10","4-5 years",0
758,"No",23,"Research & Development","Laboratory Technician","Male","Married","Travel_Rarely",9,1,"Medical",2,3,1,1,2500,1,"No",14,3,4,1,5,2,4,4,3,0,2,"Under 25","3-5 years","Under 3000","6-10","0-1 years",0
760,"No",39,"Human Resources","Human Resources","Female","Married","Travel_Rarely",3,3,"Human Resources",3,4,2,2,6389,9,"No",15,3,3,1,12,3,1,8,3,3,6,"35-44","6-10 years","5000-6999","1-5","2-3 years",0
762,"No",56,"Research & Development","Healthcare Representative","Male","Married","Travel_Rarely",9,3,"Medical",3,3,4,4,11103,7,"No",11,3,3,0,30,1,2,10,7,1,1,"55+","6-10 years","10000+","6-10","0-1 years",0
763,"No",40,"Research & Development","Research Scientist","Female","Single","Travel_Rarely",2,1,"Medical",4,2,1,4,2342,0,"Yes",20,4,4,0,5,2,2,4,2,2,3,"35-44","3-5 years","Under 3000","1-5","2-3 years",0
764,"No",27,"Research & Development","Healthcare Representative","Female","Single","Travel_Rarely",7,3,"Medical",4,2,2,1,6811,8,"No",19,3,1,0,9,2,1,7,6,0,7,"25-34","6-10 years","5000-6999","6-10","0-1 years",0
766,"No",29,"Sales","Sales Representative","Male","Divorced","Travel_Rarely",10,3,"Marketing",4,3,1,2,2297,1,"No",14,3,4,2,2,2,3,2,2,2,2,"25-34","1-2 years","Under 3000","6-10","2-3 years",0
769,"No",53,"Research & Development","Laboratory Technician","Male","Single","Travel_Rarely",6,3,"Life Sciences",4,3,2,4,2450,2,"No",17,3,4,0,19,4,3,2,2,2,2,"45-54","1-2 years","Under 3000","6-10","2-3 years",0
771,"No",35,"Research & Development","Healthcare Representative","Female","Divorced","Non-Travel",2,4,"Life Sciences",4,3,2,1,5093,2,"No",11,3,1,1,16,2,4,1,0,0,0,"35-44","1-2 years","5000-6999","1-5","0-1 years",0
772,"No",32,"Research & Development","Laboratory Technician","Male","Married","Travel_Frequently",24,4,"Life Sciences",1,3,2,4,5309,1,"No",15,3,4,2,10,2,3,10,8,4,7,"25-34","6-10 years","5000-6999","21+","4-5 years",0
773,"No",38,"Research & Development","Research Scientist","Male","Married","Travel_Rarely",2,5,"Medical",4,3,1,3,3057,6,"Yes",13,3,2,1,6,0,1,1,0,0,1,"35-44","1-2 years","3000-4999","1-5","0-1 years",0
775,"No",34,"Research & Development","Manufacturing Director","Female","Divorced","Travel_Rarely",8,5,"Life Sciences",2,3,2,1,5121,3,"No",14,3,3,1,7,3,3,0,0,0,0,"25-34","Under 1 year","5000-6999","6-10","0-1 years",0
776,"No",52,"Sales","Manager","Male","Married","Travel_Rarely",3,4,"Marketing",3,2,4,1,16856,1,"No",11,3,1,0,34,3,4,34,6,1,16,"45-54","10+ years","10000+","1-5","0-1 years",0
780,"Yes",33,"Research & Development","Research Scientist","Male","Single","Travel_Rarely",1,4,"Other",4,3,1,4,2686,1,"Yes",13,3,3,0,10,2,2,10,9,7,8,"25-34","6-10 years","Under 3000","1-5","6+ years",1
781,"No",25,"Sales","Sales Executive","Female","Single","Travel_Rarely",26,1,"Medical",3,3,2,4,6180,1,"No",23,4,2,0,6,5,2,6,5,1,4,"25-34","6-10 years","5000-6999","21+","0-1 years",0
783,"No",45,"Sales","Sales Representative","Male","Single","Travel_Rarely",2,2,"Technical Degree",2,1,2,3,6632,0,"No",13,3,1,0,9,3,3,8,7,3,1,"45-54","6-10 years","5000-6999","1-5","2-3 years",0
784,"No",23,"Research & Development","Research Scientist","Male","Single","Travel_Rarely",10,1,"Medical",1,4,1,3,3505,1,"No",18,3,4,0,2,3,3,2,2,0,2,"Under 25","1-2 years","3000-4999","6-10","0-1 years",0
785,"Yes",47,"Sales","Sales Executive","Female","Single","Travel_Frequently",27,2,"Life Sciences",2,4,2,3,6397,4,"Yes",12,3,4,0,8,2,3,5,4,1,3,"45-54","3-5 years","5000-6999","21+","0-1 years",1
786,"No",34,"Sales","Sales Executive","Male","Single","Travel_Rarely",2,3,"Other",4,3,2,4,6274,1,"No",22,4,3,0,6,5,3,6,5,1,4,"25-34","6-10 years","5000-6999","1-5","0-1 years",0
787,"Yes",55,"Research & Development","Manager","Male","Married","Travel_Rarely",2,3,"Medical",4,3,5,1,19859,5,"Yes",13,3,4,1,24,2,3,5,2,1,4,"55+","3-5 years","10000+","1-5","0-1 years",1
789,"No",36,"Sales","Sales Executive","Male","Single","Non-Travel",8,4,"Life Sciences",1,2,3,1,7587,1,"No",15,3,2,0,10,1,3,10,7,0,9,"35-44","6-10 years","7000-9999","6-10","0-1 years",0
791,"No",52,"Research & Development","Research Scientist","Male","Married","Non-Travel",19,4,"Medical",4,3,1,4,4258,0,"No",18,3,1,1,5,3,3,4,3,1,2,"45-54","3-5 years","3000-4999","11-20","0-1 years",0
792,"No",26,"Research & Development","Laboratory Technician","Female","Divorced","Travel_Frequently",1,2,"Life Sciences",1,1,1,4,4364,3,"No",14,3,1,1,5,2,3,2,2,2,0,"25-34","1-2 years","3000-4999","1-5","2-3 years",0
793,"No",29,"Research & Development","Healthcare Representative","Female","Married","Travel_Rarely",27,3,"Medical",2,3,2,3,4335,4,"No",12,3,1,1,11,3,2,8,7,1,1,"25-34","6-10 years","3000-4999","21+","0-1 years",0
796,"Yes",26,"Sales","Sales Executive","Male","Single","Travel_Rarely",8,3,"Technical Degree",4,2,2,1,5326,6,"No",17,3,3,0,6,2,2,4,3,1,2,"25-34","3-5 years","5000-6999","6-10","0-1 years",1
797,"No",34,"Research & Development","Research Scientist","Female","Single","Travel_Rarely",1,4,"Life Sciences",2,4,1,4,3280,2,"No",16,3,3,0,10,2,3,4,2,1,3,"25-34","3-5 years","3000-4999","1-5","0-1 years",0
799,"No",54,"Research & Development","Manufacturing Director","Female","Divorced","Travel_Rarely",19,4,"Medical",4,3,2,1,5485,9,"Yes",11,3,2,2,9,4,3,5,3,1,4,"45-54","3-5 years","5000-6999","11-20","0-1 years",0
800,"No",27,"Sales","Sales Executive","Male","Married","Travel_Frequently",8,1,"Marketing",3,3,2,4,4342,0,"No",19,3,2,1,5,3,3,4,2,1,1,"25-34","3-5 years","3000-4999","6-10","0-1 years",0
802,"No",37,"Research & Development","Research Scientist","Female","Divorced","Travel_Rarely",10,1,"Life Sciences",4,3,1,1,2782,0,"Yes",13,3,2,2,6,3,2,5,3,4,3,"35-44","3-5 years","Under 3000","6-10","4-5 years",0
803,"No",38,"Research & Development","Manufacturing Director","Female","Single","Travel_Frequently",2,4,"Life Sciences",1,4,2,1,5980,6,"Yes",12,3,4,0,17,2,3,15,7,4,12,"35-44","10+ years","5000-6999","1-5","4-5 years",0
804,"No",34,"Research & Development","Research Scientist","Female","Single","Travel_Rarely",2,4,"Medical",3,2,1,1,4381,1,"No",11,3,3,0,6,3,3,6,5,1,3,"25-34","6-10 years","3000-4999","1-5","0-1 years",0
805,"No",35,"Sales","Sales Representative","Female","Married","Travel_Rarely",8,4,"Life Sciences",1,3,1,4,2572,1,"No",16,3,2,1,3,1,2,3,2,0,2,"35-44","3-5 years","Under 3000","6-10","0-1 years",0
806,"No",30,"Research & Development","Laboratory Technician","Male","Married","Travel_Rarely",1,3,"Life Sciences",4,1,1,3,3833,3,"No",21,4,3,2,7,2,3,2,2,0,2,"25-34","1-2 years","3000-4999","1-5","0-1 years",0
807,"No",40,"Research & Development","Healthcare Representative","Female","Married","Travel_Frequently",2,2,"Medical",3,4,2,2,4244,1,"No",24,4,4,1,8,2,3,8,7,3,7,"35-44","6-10 years","3000-4999","1-5","2-3 years",0
808,"No",34,"Sales","Sales Executive","Female","Married","Travel_Rarely",8,2,"Life Sciences",3,3,2,1,6500,5,"No",17,3,2,1,6,1,3,3,2,1,2,"25-34","3-5 years","5000-6999","6-10","0-1 years",0
809,"No",42,"Research & Development","Manager","Male","Divorced","Travel_Frequently",8,3,"Life Sciences",2,3,5,4,18430,1,"No",13,3,2,1,24,4,2,24,7,14,9,"35-44","10+ years","10000+","6-10","6+ years",0
811,"Yes",23,"Research & Development","Laboratory Technician","Male","Married","Travel_Rarely",6,3,"Life Sciences",3,4,1,1,1601,1,"Yes",21,4,3,2,1,2,3,0,0,0,0,"Under 25","Under 1 year","Under 3000","6-10","0-1 years",1
812,"No",24,"Research & Development","Laboratory Technician","Male","Divorced","Non-Travel",9,3,"Life Sciences",3,2,1,2,2694,1,"No",11,3,3,3,1,4,3,1,0,0,0,"Under 25","1-2 years","Under 3000","6-10","0-1 years",0
813,"No",52,"Research & Development","Laboratory Technician","Female","Married","Travel_Rarely",11,4,"Life Sciences",4,3,2,3,3149,8,"No",20,4,2,1,9,3,3,5,2,1,4,"45-54","3-5 years","3000-4999","11-20","0-1 years",0
815,"No",50,"Research & Development","Research Director","Male","Married","Travel_Rarely",2,3,"Medical",3,3,4,3,17639,5,"No",16,3,4,0,30,3,3,4,3,0,3,"45-54","3-5 years","10000+","1-5","0-1 years",0
816,"Yes",29,"Research & Development","Laboratory Technician","Female","Married","Travel_Rarely",1,2,"Life Sciences",2,2,1,1,2319,1,"Yes",11,3,4,1,1,1,3,1,0,0,0,"25-34","1-2 years","Under 3000","1-5","0-1 years",1
817,"No",33,"Research & Development","Research Director","Male","Married","Travel_Rarely",7,3,"Medical",3,3,3,3,11691,0,"No",11,3,4,0,14,3,4,13,9,3,7,"25-34","10+ years","10000+","6-10","2-3 years",0
819,"Yes",33,"Sales","Sales Executive","Female","Single","Travel_Rarely",16,3,"Marketing",1,3,2,1,5324,5,"No",15,3,3,0,6,3,3,3,2,0,2,"25-34","3-5 years","5000-6999","11-20","0-1 years",1
820,"No",47,"Research & Development","Manager","Female","Married","Travel_Rarely",2,2,"Other",3,3,4,4,16752,1,"Yes",11,3,3,1,26,3,2,26,14,3,0,"45-54","10+ years","10000+","1-5","2-3 years",0
823,"No",36,"Research & Development","Manufacturing Director","Female","Married","Travel_Rarely",1,3,"Other",3,3,2,2,5228,0,"No",15,3,1,1,10,2,3,9,7,0,5,"35-44","6-10 years","5000-6999","1-5","0-1 years",0
824,"No",29,"Research & Development","Research Scientist","Male","Married","Travel_Rarely",23,2,"Life Sciences",3,4,1,3,2700,1,"No",24,4,3,1,10,3,3,10,7,0,7,"25-34","6-10 years","Under 3000","21+","0-1 years",0
825,"Yes",58,"Research & Development","Research Director","Male","Single","Travel_Rarely",2,4,"Life Sciences",4,3,5,2,19246,7,"Yes",12,3,4,0,40,2,3,31,15,13,8,"55+","10+ years","10000+","1-5","6+ years",1
826,"No",35,"Research & Development","Research Scientist","Female","Single","Travel_Rarely",1,4,"Life Sciences",4,4,1,3,2506,3,"No",13,3,3,0,7,0,3,2,2,2,2,"35-44","1-2 years","Under 3000","1-5","2-3 years",0
827,"No",42,"Research & Development","Manufacturing Director","Female","Married","Travel_Rarely",1,2,"Life Sciences",4,2,2,4,6062,9,"Yes",13,3,4,1,8,4,3,4,3,0,2,"35-44","3-5 years","5000-6999","1-5","0-1 years",0
828,"Yes",28,"Research & Development","Research Scientist","Male","Single","Travel_Rarely",2,4,"Medical",3,3,1,3,4382,6,"No",17,3,4,0,5,3,2,2,2,2,1,"25-34","1-2 years","3000-4999","1-5","2-3 years",1
829,"No",36,"Human Resources","Human Resources","Male","Married","Travel_Rarely",13,3,"Human Resources",3,3,1,2,2143,4,"No",13,3,2,1,8,2,3,5,2,0,4,"35-44","3-5 years","Under 3000","11-20","0-1 years",0
830,"No",32,"Research & Development","Manufacturing Director","Female","Married","Travel_Rarely",4,3,"Life Sciences",3,2,2,3,6162,1,"No",12,3,3,1,14,3,3,14,13,6,8,"25-34","10+ years","5000-6999","1-5","6+ years",0
832,"No",40,"Research & Development","Laboratory Technician","Male","Single","Travel_Frequently",16,4,"Medical",1,2,2,3,5094,6,"No",14,3,4,0,10,6,3,1,0,0,0,"35-44","1-2 years","5000-6999","11-20","0-1 years",0
833,"No",30,"Research & Development","Manufacturing Director","Female","Single","Travel_Rarely",2,3,"Medical",3,2,2,4,6877,5,"Yes",24,4,2,0,12,4,2,0,0,0,0,"25-34","Under 1 year","5000-6999","1-5","0-1 years",0
834,"No",45,"Research & Development","Research Scientist","Female","Single","Travel_Rarely",2,3,"Life Sciences",2,2,1,3,2274,1,"No",14,3,4,0,1,3,3,1,0,0,0,"45-54","1-2 years","Under 3000","1-5","0-1 years",0
836,"No",42,"Research & Development","Manufacturing Director","Male","Married","Travel_Rarely",29,3,"Life Sciences",2,3,2,2,4434,1,"No",13,3,4,1,10,3,2,9,8,7,8,"35-44","6-10 years","3000-4999","21+","6+ years",0
837,"No",38,"Research & Development","Healthcare Representative","Male","Divorced","Travel_Frequently",12,3,"Life Sciences",1,2,2,1,6288,2,"No",15,3,3,1,13,3,2,4,3,1,2,"35-44","3-5 years","5000-6999","11-20","0-1 years",0
838,"No",34,"Research & Development","Research Scientist","Female","Single","Travel_Frequently",16,4,"Life Sciences",3,2,1,4,2553,1,"No",16,3,3,0,6,3,3,5,2,1,3,"25-34","3-5 years","Under 3000","11-20","0-1 years",0
840,"Yes",49,"Sales","Sales Executive","Female","Married","Travel_Rarely",11,3,"Marketing",3,3,3,4,7654,1,"No",18,3,1,2,9,3,4,9,8,7,7,"45-54","6-10 years","7000-9999","11-20","6+ years",1
842,"Yes",55,"Sales","Sales Executive","Male","Single","Travel_Rarely",2,1,"Medical",3,3,2,4,5160,4,"No",16,3,3,0,12,3,2,9,7,7,3,"55+","6-10 years","5000-6999","1-5","6+ years",1
843,"No",43,"Research & Development","Research Director","Male","Married","Travel_Rarely",14,2,"Life Sciences",2,3,4,1,17159,6,"No",24,4,3,1,22,3,3,4,1,1,0,"35-44","3-5 years","10000+","11-20","0-1 years",0
844,"No",27,"Research & Development","Research Director","Male","Divorced","Travel_Rarely",5,1,"Technical Degree",3,2,3,4,12808,1,"Yes",16,3,2,1,9,3,3,9,8,0,8,"25-34","6-10 years","10000+","1-5","0-1 years",0
845,"No",35,"Research & Development","Manufacturing Director","Male","Single","Travel_Rarely",7,3,"Other",3,3,3,3,10221,3,"No",21,4,2,0,17,3,4,8,5,1,6,"35-44","6-10 years","10000+","6-10","0-1 years",0
846,"No",28,"Sales","Sales Executive","Female","Married","Travel_Rarely",2,4,"Marketing",2,3,2,2,4779,1,"Yes",20,4,1,0,8,2,3,8,7,7,5,"25-34","6-10 years","3000-4999","1-5","6+ years",0
847,"No",34,"Human Resources","Human Resources","Male","Married","Travel_Rarely",3,2,"Human Resources",3,3,1,4,3737,0,"No",19,3,3,1,4,1,1,3,2,0,2,"25-34","3-5 years","3000-4999","1-5","0-1 years",0
848,"Yes",26,"Research & Development","Research Scientist","Female","Married","Travel_Frequently",5,2,"Medical",3,2,1,3,2366,1,"Yes",14,3,1,1,8,2,3,8,7,1,7,"25-34","6-10 years","Under 3000","1-5","0-1 years",1
850,"No",27,"Research & Development","Research Scientist","Male","Married","Non-Travel",3,3,"Medical",4,3,1,4,1706,1,"No",11,3,3,3,0,6,2,0,0,0,0,"25-34","Under 1 year","Under 3000","1-5","0-1 years",0
851,"No",51,"Sales","Manager","Female","Married","Travel_Rarely",26,4,"Marketing",1,3,4,3,16307,2,"No",14,3,3,1,29,2,2,20,6,4,17,"45-54","10+ years","10000+","21+","4-5 years",0
852,"No",44,"Research & Development","Healthcare Representative","Male","Single","Travel_Rarely",4,3,"Medical",4,3,2,2,5933,9,"No",12,3,4,0,10,2,2,5,2,2,3,"35-44","3-5 years","5000-6999","1-5","2-3 years",0
854,"No",25,"Research & Development","Research Scientist","Male","Single","Travel_Rarely",2,1,"Medical",1,4,1,1,3424,7,"No",13,3,3,0,6,3,2,4,3,0,1,"25-34","3-5 years","3000-4999","1-5","0-1 years",0
855,"No",33,"Sales","Sales Executive","Male","Divorced","Travel_Rarely",1,3,"Medical",1,4,2,1,4037,1,"No",22,4,1,1,9,5,3,9,8,0,8,"25-34","6-10 years","3000-4999","1-5","0-1 years",0
856,"No",35,"Research & Development","Research Scientist","Female","Single","Travel_Rarely",27,1,"Medical",3,2,1,1,2559,1,"No",11,3,4,0,6,3,2,6,5,1,1,"35-44","6-10 years","Under 3000","21+","0-1 years",0
857,"No",36,"Sales","Sales Executive","Male","Married","Travel_Rarely",1,2,"Life Sciences",2,3,2,4,6201,1,"Yes",14,3,4,1,18,1,2,18,14,4,11,"35-44","10+ years","5000-6999","1-5","4-5 years",0
859,"No",32,"Sales","Sales Executive","Male","Divorced","Travel_Rarely",13,4,"Life Sciences",2,3,2,4,4403,2,"No",11,3,3,1,8,3,2,5,2,0,3,"25-34","3-5 years","3000-4999","11-20","0-1 years",0
861,"No",30,"Research & Development","Research Scientist","Male","Divorced","Travel_Frequently",5,4,"Life Sciences",2,2,1,4,3761,9,"No",12,3,2,1,10,3,2,5,4,0,3,"25-34","3-5 years","3000-4999","1-5","0-1 years",0
862,"No",53,"Sales","Sales Executive","Female","Married","Travel_Rarely",7,2,"Marketing",1,2,3,4,10934,7,"Yes",18,3,4,1,35,3,3,5,2,0,4,"45-54","3-5 years","10000+","6-10","0-1 years",0
864,"No",45,"Sales","Sales Executive","Male","Divorced","Travel_Rarely",9,3,"Marketing",4,3,3,1,10761,4,"Yes",12,3,3,1,18,2,3,5,4,0,2,"45-54","3-5 years","10000+","6-10","0-1 years",0
865,"No",32,"Research & Development","Research Scientist","Female","Married","Travel_Rarely",8,2,"Medical",3,4,2,3,5175,5,"No",12,3,3,1,9,3,2,5,3,1,3,"25-34","3-5 years","5000-6999","6-10","0-1 years",0
867,"No",52,"Research & Development","Manufacturing Director","Female","Married","Travel_Frequently",25,4,"Medical",3,2,4,4,13826,3,"No",22,4,3,0,31,3,3,9,8,0,0,"45-54","6-10 years","10000+","21+","0-1 years",0
868,"No",37,"Sales","Sales Executive","Male","Divorced","Travel_Rarely",16,4,"Marketing",4,2,2,3,6334,4,"No",19,3,4,2,9,2,3,1,0,0,0,"35-44","1-2 years","5000-6999","11-20","0-1 years",0
869,"No",28,"Human Resources","Human Resources","Male","Divorced","Travel_Rarely",8,2,"Medical",2,2,1,4,4936,1,"No",13,3,4,1,6,6,3,5,1,0,4,"25-34","3-5 years","3000-4999","6-10","0-1 years",0
872,"No",22,"Research & Development","Manufacturing Director","Male","Married","Travel_Rarely",1,2,"Life Sciences",4,2,2,4,4775,6,"No",22,4,1,2,4,2,1,2,2,2,2,"Under 25","1-2 years","3000-4999","1-5","2-3 years",0
874,"No",44,"Research & Development","Laboratory Technician","Male","Married","Travel_Rarely",8,4,"Life Sciences",1,4,1,4,2818,2,"Yes",24,4,3,1,10,2,2,3,2,0,2,"35-44","3-5 years","Under 3000","6-10","0-1 years",0
875,"No",42,"Research & Development","Research Scientist","Male","Single","Travel_Frequently",2,1,"Medical",2,3,1,4,2515,5,"Yes",14,3,4,0,8,2,3,2,1,2,2,"35-44","1-2 years","Under 3000","1-5","2-3 years",0
878,"No",36,"Human Resources","Human Resources","Male","Married","Travel_Rarely",8,3,"Life Sciences",1,2,1,1,2342,0,"No",21,4,3,0,6,3,3,5,4,0,3,"35-44","3-5 years","Under 3000","6-10","0-1 years",0
879,"No",25,"Sales","Sales Executive","Male","Married","Travel_Rarely",3,1,"Other",3,3,2,1,4194,1,"Yes",18,3,4,0,5,3,3,5,3,0,3,"25-34","3-5 years","3000-4999","1-5","0-1 years",0
880,"No",35,"Research & Development","Manufacturing Director","Female","Married","Travel_Rarely",9,3,"Life Sciences",4,2,3,3,10685,1,"Yes",20,4,2,1,17,2,3,17,14,5,15,"35-44","10+ years","10000+","6-10","4-5 years",0
881,"Yes",35,"Research & Development","Research Scientist","Female","Divorced","Travel_Frequently",25,4,"Life Sciences",4,3,1,2,2022,1,"Yes",19,3,1,1,10,3,2,10,2,7,8,"35-44","6-10 years","Under 3000","21+","6+ years",1
882,"No",32,"Research & Development","Laboratory Technician","Male","Divorced","Non-Travel",1,3,"Life Sciences",4,3,1,4,2314,0,"No",12,3,2,1,4,2,3,3,0,0,2,"25-34","3-5 years","Under 3000","1-5","0-1 years",0
885,"No",25,"Sales","Sales Executive","Male","Married","Travel_Rarely",4,1,"Marketing",3,2,2,1,4256,1,"No",12,3,1,0,5,1,4,5,2,0,3,"25-34","3-5 years","3000-4999","1-5","0-1 years",0
887,"No",49,"Research & Development","Research Scientist","Female","Married","Travel_Rarely",1,3,"Technical Degree",3,3,1,1,3580,2,"No",16,3,2,1,7,2,3,4,2,0,2,"45-54","3-5 years","3000-4999","1-5","0-1 years",0
888,"No",24,"Research & Development","Laboratory Technician","Male","Married","Non-Travel",4,1,"Life Sciences",1,2,1,4,3162,0,"No",17,3,4,0,6,2,2,5,2,3,4,"Under 25","3-5 years","3000-4999","1-5","2-3 years",0
889,"No",32,"Sales","Sales Executive","Male","Married","Travel_Frequently",5,2,"Life Sciences",2,3,2,2,6524,1,"No",14,3,4,1,10,3,3,10,8,5,3,"25-34","6-10 years","5000-6999","1-5","4-5 years",0
893,"No",38,"Sales","Sales Representative","Male","Married","Travel_Rarely",9,3,"Marketing",2,2,1,2,2899,0,"No",19,3,4,1,3,3,3,2,2,1,2,"35-44","1-2 years","Under 3000","6-10","0-1 years",0
894,"No",42,"Research & Development","Laboratory Technician","Female","Married","Travel_Rarely",3,3,"Life Sciences",3,4,2,4,5231,2,"Yes",13,3,2,1,17,1,2,5,3,1,3,"35-44","3-5 years","5000-6999","1-5","0-1 years",0
895,"No",31,"Research & Development","Research Scientist","Male","Married","Travel_Rarely",11,4,"Life Sciences",4,3,1,4,2356,3,"Yes",19,3,2,1,8,2,3,6,4,0,2,"25-34","6-10 years","Under 3000","11-20","0-1 years",0
896,"Yes",29,"Sales","Sales Representative","Female","Divorced","Travel_Rarely",1,3,"Medical",2,2,1,3,2800,6,"Yes",19,3,3,3,5,3,3,3,2,0,2,"25-34","3-5 years","Under 3000","1-5","0-1 years",1
897,"No",53,"Sales","Sales Executive","Male","Married","Travel_Rarely",8,3,"Marketing",1,3,4,4,11836,5,"No",14,3,3,1,28,3,3,2,0,2,2,"45-54","1-2 years","10000+","6-10","2-3 years",0
899,"No",35,"Research & Development","Manufacturing Director","Male","Married","Travel_Rarely",25,3,"Technical Degree",4,2,3,2,10903,3,"No",16,3,1,0,16,2,3,13,10,4,8,"35-44","10+ years","10000+","21+","4-5 years",0
900,"No",37,"Sales","Sales Representative","Female","Married","Travel_Frequently",21,2,"Medical",3,3,1,4,2973,5,"No",15,3,2,1,10,3,3,5,4,0,0,"35-44","3-5 years","Under 3000","21+","0-1 years",0
901,"No",53,"Research & Development","Research Director","Female","Single","Travel_Rarely",23,4,"Life Sciences",4,3,4,4,14275,6,"No",18,3,3,0,33,0,3,12,9,3,8,"45-54","10+ years","10000+","21+","2-3 years",0
902,"No",43,"Research & Development","Healthcare Representative","Female","Married","Travel_Frequently",1,3,"Life Sciences",4,3,2,4,5562,4,"No",13,3,2,1,12,2,2,5,2,2,2,"35-44","3-5 years","5000-6999","1-5","2-3 years",0
903,"No",47,"Sales","Sales Executive","Female","Married","Travel_Rarely",2,2,"Marketing",3,3,2,4,4537,0,"Yes",22,4,1,1,8,2,3,7,6,7,7,"45-54","6-10 years","3000-4999","1-5","6+ years",0
904,"No",37,"Sales","Sales Executive","Male","Single","Non-Travel",19,2,"Medical",1,3,3,2,7642,1,"Yes",13,3,4,0,10,2,3,10,0,0,9,"35-44","6-10 years","7000-9999","11-20","0-1 years",0
905,"No",50,"Research & Development","Manager","Male","Divorced","Non-Travel",2,4,"Life Sciences",1,3,4,1,17924,1,"No",11,3,4,1,31,3,3,31,6,14,7,"45-54","10+ years","10000+","1-5","6+ years",0
909,"No",39,"Human Resources","Human Resources","Female","Married","Travel_Rarely",2,3,"Life Sciences",4,2,2,4,5204,8,"No",11,3,3,2,13,2,3,5,4,0,4,"35-44","3-5 years","5000-6999","1-5","0-1 years",0
910,"No",33,"Human Resources","Human Resources","Male","Divorced","Travel_Rarely",3,2,"Human Resources",4,3,1,2,2277,3,"Yes",11,3,3,1,7,4,4,4,3,0,3,"25-34","3-5 years","Under 3000","1-5","0-1 years",0
911,"Yes",32,"Research & Development","Laboratory Technician","Male","Single","Travel_Rarely",25,4,"Life Sciences",1,3,1,4,2795,1,"Yes",24,4,3,0,1,2,1,1,0,0,1,"25-34","1-2 years","Under 3000","21+","0-1 years",1
912,"No",29,"Research & Development","Laboratory Technician","Female","Divorced","Travel_Rarely",7,1,"Medical",1,2,1,4,2532,6,"No",14,3,3,3,8,5,3,4,3,0,3,"25-34","3-5 years","Under 3000","6-10","0-1 years",0
913,"No",44,"Research & Development","Research Scientist","Male","Married","Travel_Rarely",9,2,"Life Sciences",2,3,1,1,2559,1,"Yes",13,3,4,0,8,0,3,8,7,7,1,"35-44","6-10 years","Under 3000","6-10","6+ years",0
916,"No",28,"Sales","Sales Executive","Male","Single","Travel_Rarely",5,4,"Medical",1,3,2,4,4908,1,"No",14,3,2,0,4,3,3,4,2,0,2,"25-34","3-5 years","3000-4999","1-5","0-1 years",0
918,"Yes",58,"Research & Development","Laboratory Technician","Male","Divorced","Travel_Frequently",2,1,"Life Sciences",4,2,1,4,2380,9,"Yes",14,3,4,1,3,3,2,1,0,0,0,"55+","1-2 years","Under 3000","1-5","0-1 years",1
920,"No",43,"Research & Development","Manufacturing Director","Female","Divorced","Travel_Rarely",8,3,"Life Sciences",1,3,2,2,4765,4,"No",21,4,3,1,4,2,4,1,0,0,0,"35-44","1-2 years","3000-4999","6-10","0-1 years",0
922,"Yes",20,"Sales","Sales Representative","Female","Single","Travel_Rarely",2,3,"Medical",3,2,1,3,2044,1,"No",13,3,4,0,2,3,2,2,2,0,2,"Under 25","1-2 years","Under 3000","1-5","0-1 years",1
923,"Yes",21,"Research & Development","Research Scientist","Female","Single","Travel_Rarely",18,1,"Other",4,3,1,4,2693,1,"No",19,3,1,0,1,3,2,1,0,0,0,"Under 25","1-2 years","Under 3000","11-20","0-1 years",1
924,"No",36,"Research & Development","Healthcare Representative","Male","Married","Travel_Rarely",14,1,"Life Sciences",3,3,2,4,6586,0,"Yes",17,3,1,1,17,2,2,16,8,4,11,"35-44","10+ years","5000-6999","11-20","4-5 years",0
925,"No",47,"Sales","Sales Representative","Female","Single","Travel_Rarely",2,4,"Life Sciences",4,2,1,4,3294,1,"Yes",18,3,1,0,3,3,2,3,2,1,2,"45-54","3-5 years","3000-4999","1-5","0-1 years",0
926,"Yes",22,"Research & Development","Manufacturing Director","Female","Married","Travel_Rarely",3,1,"Life Sciences",2,3,2,3,4171,0,"Yes",19,3,1,1,4,3,4,3,2,0,2,"Under 25","3-5 years","3000-4999","1-5","0-1 years",1
927,"Yes",41,"Research & Development","Laboratory Technician","Female","Divorced","Travel_Rarely",2,4,"Life Sciences",2,1,1,4,2778,4,"Yes",13,3,3,1,10,1,2,7,7,1,0,"35-44","6-10 years","Under 3000","1-5","0-1 years",1
930,"No",28,"Research & Development","Research Scientist","Female","Divorced","Travel_Rarely",9,3,"Medical",3,3,1,3,2377,5,"No",18,3,2,1,6,2,3,2,2,2,2,"25-34","1-2 years","Under 3000","6-10","2-3 years",0
932,"Yes",39,"Research & Development","Laboratory Technician","Male","Married","Travel_Rarely",6,3,"Medical",4,3,1,1,2404,7,"Yes",21,4,4,0,8,2,1,2,2,2,2,"35-44","1-2 years","Under 3000","6-10","2-3 years",1
933,"No",27,"Research & Development","Research Scientist","Female","Single","Travel_Rarely",4,3,"Life Sciences",2,3,1,3,2318,1,"No",19,3,3,0,1,2,3,1,1,0,0,"25-34","1-2 years","Under 3000","1-5","0-1 years",0
934,"No",34,"Research & Development","Laboratory Technician","Male","Divorced","Travel_Rarely",10,3,"Life Sciences",2,3,1,2,2008,1,"No",14,3,2,2,1,3,3,1,0,1,0,"25-34","1-2 years","Under 3000","6-10","0-1 years",0
936,"No",42,"Sales","Sales Executive","Female","Single","Travel_Rarely",14,2,"Medical",3,2,2,3,6244,7,"No",17,3,1,0,10,6,3,5,4,0,3,"35-44","3-5 years","5000-6999","11-20","0-1 years",0
939,"No",33,"Research & Development","Research Scientist","Male","Single","Travel_Rarely",1,4,"Other",3,2,1,1,2799,3,"Yes",11,3,2,0,6,1,3,3,2,0,2,"25-34","3-5 years","Under 3000","1-5","0-1 years",0
940,"No",58,"Research & Development","Healthcare Representative","Female","Divorced","Travel_Rarely",5,3,"Technical Degree",3,2,3,2,10552,2,"Yes",13,3,4,1,24,3,3,6,0,0,4,"55+","6-10 years","10000+","1-5","0-1 years",0
941,"No",31,"Sales","Sales Representative","Male","Married","Travel_Rarely",7,4,"Life Sciences",2,2,1,3,2329,3,"No",15,3,2,0,13,2,4,7,7,5,2,"25-34","6-10 years","Under 3000","6-10","4-5 years",0
942,"No",35,"Research & Development","Healthcare Representative","Female","Married","Travel_Rarely",21,1,"Life Sciences",4,3,2,4,4014,1,"Yes",25,4,4,1,10,2,1,10,6,0,7,"35-44","6-10 years","3000-4999","21+","0-1 years",0
944,"No",49,"Research & Development","Laboratory Technician","Female","Married","Travel_Rarely",8,2,"Other",1,3,3,2,7403,4,"No",11,3,3,1,29,3,2,26,9,1,7,"45-54","10+ years","7000-9999","6-10","0-1 years",0
945,"No",48,"Research & Development","Research Scientist","Male","Married","Travel_Rarely",20,4,"Medical",4,3,1,3,2259,4,"No",17,3,1,2,13,2,2,0,0,0,0,"45-54","Under 1 year","Under 3000","11-20","0-1 years",0
947,"No",31,"Sales","Sales Executive","Female","Married","Non-Travel",20,2,"Marketing",4,3,2,3,6932,1,"No",13,3,4,1,9,2,2,9,8,0,0,"25-34","6-10 years","5000-6999","11-20","0-1 years",0
949,"No",36,"Research & Development","Research Scientist","Male","Single","Travel_Rarely",7,4,"Other",2,3,1,4,4678,2,"No",18,3,3,0,8,6,3,6,2,0,1,"35-44","6-10 years","3000-4999","6-10","0-1 years",0
950,"No",38,"Research & Development","Research Director","Female","Married","Travel_Rarely",1,3,"Technical Degree",4,3,3,1,13582,1,"No",13,3,2,1,15,3,3,15,12,5,11,"35-44","10+ years","10000+","1-5","4-5 years",0
951,"No",32,"Research & Development","Laboratory Technician","Female","Married","Non-Travel",1,3,"Life Sciences",3,2,1,2,2332,6,"No",20,4,3,0,5,3,3,3,0,0,2,"25-34","3-5 years","Under 3000","1-5","0-1 years",0
952,"Yes",25,"Sales","Sales Representative","Male","Married","Travel_Rarely",19,2,"Marketing",3,2,1,2,2413,1,"Yes",18,3,3,3,1,2,3,1,0,0,0,"25-34","1-2 years","Under 3000","11-20","0-1 years",1
954,"No",40,"Sales","Sales Executive","Male","Divorced","Travel_Rarely",10,4,"Marketing",1,2,3,2,9705,2,"No",12,3,2,1,11,2,2,1,0,0,0,"35-44","1-2 years","7000-9999","6-10","0-1 years",0
956,"No",26,"Sales","Sales Executive","Male","Single","Travel_Frequently",1,3,"Medical",3,2,2,1,4294,1,"No",12,3,2,0,7,2,3,7,7,0,7,"25-34","6-10 years","3000-4999","1-5","0-1 years",0
957,"No",41,"Research & Development","Laboratory Technician","Male","Single","Travel_Rarely",6,3,"Medical",4,3,1,1,4721,2,"Yes",13,3,3,0,20,3,3,18,13,2,17,"35-44","10+ years","3000-4999","6-10","2-3 years",0
958,"No",36,"Research & Development","Laboratory Technician","Male","Single","Travel_Rarely",2,4,"Medical",3,3,1,3,2519,4,"No",21,4,3,0,16,6,3,11,8,3,9,"35-44","10+ years","Under 3000","1-5","2-3 years",0
959,"Yes",19,"Sales","Sales Representative","Male","Single","Travel_Rarely",21,3,"Other",4,2,1,2,2121,1,"Yes",13,3,2,0,1,3,4,1,0,0,0,"Under 25","1-2 years","Under 3000","21+","0-1 years",1
960,"Yes",20,"Research & Development","Laboratory Technician","Male","Single","Travel_Rarely",4,3,"Technical Degree",1,3,1,1,2973,1,"No",19,3,2,0,1,2,3,1,0,0,0,"Under 25","1-2 years","Under 3000","1-5","0-1 years",1
961,"No",31,"Research & Development","Healthcare Representative","Female","Married","Travel_Rarely",12,3,"Medical",4,3,2,4,5855,0,"Yes",11,3,3,2,10,2,1,9,7,8,5,"25-34","6-10 years","5000-6999","11-20","6+ years",0
964,"No",40,"Research & Development","Research Scientist","Male","Divorced","Travel_Frequently",9,4,"Medical",4,3,1,2,3617,8,"Yes",14,3,4,1,3,2,3,1,1,0,0,"35-44","1-2 years","3000-4999","6-10","0-1 years",0
966,"No",32,"Research & Development","Manufacturing Director","Female","Married","Travel_Rarely",3,4,"Medical",3,3,2,1,6725,1,"No",12,3,3,1,8,2,4,8,7,6,3,"25-34","6-10 years","5000-6999","1-5","6+ years",0
967,"Yes",36,"Sales","Sales Executive","Male","Married","Travel_Rarely",3,1,"Life Sciences",3,2,3,4,10325,1,"Yes",11,3,1,1,16,6,3,16,7,3,7,"35-44","10+ years","10000+","1-5","2-3 years",1
969,"No",33,"Research & Development","Healthcare Representative","Female","Single","Travel_Rarely",1,3,"Life Sciences",2,2,2,4,6949,0,"No",14,3,1,0,6,3,3,5,0,1,4,"25-34","3-5 years","5000-6999","1-5","0-1 years",0
970,"Yes",37,"Sales","Sales Executive","Male","Married","Travel_Rarely",1,4,"Life Sciences",1,2,3,3,10609,5,"No",11,3,3,0,17,2,1,14,1,11,7,"35-44","10+ years","10000+","1-5","6+ years",1
972,"No",45,"Research & Development","Laboratory Technician","Male","Married","Non-Travel",4,2,"Life Sciences",3,3,2,2,4447,1,"No",12,3,2,0,9,5,2,9,7,0,8,"45-54","6-10 years","3000-4999","1-5","0-1 years",0
974,"No",29,"Sales","Sales Representative","Female","Married","Travel_Frequently",20,3,"Technical Degree",3,3,1,4,2157,1,"No",15,3,2,1,3,5,3,3,1,0,2,"25-34","3-5 years","Under 3000","11-20","0-1 years",0
975,"No",35,"Sales","Sales Executive","Female","Married","Travel_Rarely",18,3,"Medical",3,3,2,3,4601,1,"No",16,3,2,0,5,3,3,5,2,1,0,"35-44","3-5 years","3000-4999","11-20","0-1 years",0
976,"No",52,"Research & Development","Manager","Male","Married","Travel_Rarely",1,2,"Life Sciences",4,3,4,4,17099,2,"No",15,3,2,1,26,2,2,9,8,7,8,"45-54","6-10 years","10000+","1-5","6+ years",0
977,"Yes",58,"Research & Development","Research Scientist","Male","Single","Travel_Rarely",2,3,"Technical Degree",4,3,1,3,2479,4,"No",24,4,1,0,7,4,3,1,0,0,0,"55+","1-2 years","Under 3000","1-5","0-1 years",1
981,"No",53,"Sales","Manager","Male","Divorced","Travel_Rarely",2,2,"Medical",3,3,4,3,14852,6,"No",13,3,3,1,22,3,4,17,13,15,2,"45-54","10+ years","10000+","1-5","6+ years",0
982,"No",30,"Sales","Sales Executive","Male","Divorced","Travel_Rarely",8,2,"Other",3,3,3,3,7264,5,"No",11,3,1,1,10,2,4,8,4,7,7,"25-34","6-10 years","7000-9999","6-10","6+ years",0
983,"No",38,"Sales","Sales Executive","Female","Single","Non-Travel",10,3,"Technical Degree",3,3,2,4,5666,1,"Yes",13,3,2,0,6,1,3,5,3,1,3,"35-44","3-5 years","5000-6999","6-10","0-1 years",0
984,"No",35,"Sales","Sales Executive","Male","Divorced","Travel_Rarely",3,4,"Life Sciences",4,3,3,4,7823,6,"No",13,3,2,1,12,2,3,10,9,0,8,"35-44","6-10 years","7000-9999","1-5","0-1 years",0
985,"No",39,"Sales","Sales Executive","Male","Single","Travel_Rarely",2,5,"Life Sciences",1,4,3,3,7880,0,"No",18,3,4,0,9,3,3,8,7,0,7,"35-44","6-10 years","7000-9999","1-5","0-1 years",0
986,"Yes",40,"Sales","Sales Executive","Female","Single","Non-Travel",24,3,"Life Sciences",2,4,4,2,13194,4,"Yes",16,3,4,0,22,2,2,1,0,0,0,"35-44","1-2 years","10000+","21+","0-1 years",1
987,"No",47,"Research & Development","Manufacturing Director","Male","Divorced","Travel_Frequently",16,4,"Medical",3,4,2,3,5067,1,"Yes",19,3,3,0,20,3,4,19,10,2,7,"45-54","10+ years","5000-6999","11-20","2-3 years",0
990,"No",36,"Sales","Sales Executive","Male","Divorced","Non-Travel",8,4,"Technical Degree",1,3,2,4,5079,4,"No",13,3,4,2,12,3,3,7,7,0,7,"35-44","6-10 years","5000-6999","6-10","0-1 years",0
991,"Yes",31,"Research & Development","Research Scientist","Male","Single","Non-Travel",9,2,"Medical",3,2,1,1,2321,0,"Yes",22,4,1,0,4,0,3,3,2,1,2,"25-34","3-5 years","Under 3000","6-10","0-1 years",1
992,"No",33,"Sales","Manager","Male","Single","Non-Travel",17,3,"Life Sciences",4,3,4,3,17444,1,"No",11,3,4,0,10,2,3,10,8,6,0,"25-34","6-10 years","10000+","11-20","6+ years",0
994,"Yes",29,"Research & Development","Research Scientist","Female","Single","Travel_Rarely",10,3,"Life Sciences",4,2,1,1,2404,6,"Yes",20,4,3,0,3,5,3,0,0,0,0,"25-34","Under 1 year","Under 3000","6-10","0-1 years",1
995,"No",33,"Research & Development","Research Scientist","Female","Single","Travel_Rarely",13,1,"Life Sciences",2,3,1,4,3452,3,"No",18,3,1,0,5,4,3,3,2,0,2,"25-34","3-5 years","3000-4999","11-20","0-1 years",0
996,"No",45,"Research & Development","Laboratory Technician","Female","Divorced","Travel_Rarely",1,4,"Medical",4,3,1,4,2270,3,"No",14,3,4,2,8,2,3,5,3,0,2,"45-54","3-5 years","Under 3000","1-5","0-1 years",0
997,"No",50,"Research & Development","Research Director","Male","Divorced","Travel_Rarely",1,2,"Medical",4,3,4,4,17399,9,"No",22,4,3,1,32,1,2,5,4,1,3,"45-54","3-5 years","10000+","1-5","0-1 years",0
998,"No",33,"Research & Development","Healthcare Representative","Female","Married","Travel_Frequently",1,4,"Other",3,4,2,2,5488,1,"Yes",13,3,1,1,6,2,3,6,5,1,2,"25-34","6-10 years","5000-6999","1-5","0-1 years",0
999,"No",41,"Research & Development","Research Director","Male","Divorced","Travel_Frequently",9,3,"Medical",1,3,5,3,19419,2,"No",17,3,2,1,21,2,4,18,16,0,11,"35-44","10+ years","10000+","6-10","0-1 years",0
1001,"No",27,"Research & Development","Laboratory Technician","Female","Married","Travel_Rarely",16,4,"Technical Degree",3,3,1,2,2811,9,"No",14,3,2,1,4,2,3,2,2,2,2,"25-34","1-2 years","Under 3000","11-20","2-3 years",0
1002,"No",45,"Research & Development","Laboratory Technician","Male","Married","Non-Travel",23,2,"Life Sciences",4,3,2,1,3633,1,"Yes",15,3,3,1,9,2,3,9,8,0,8,"45-54","6-10 years","3000-4999","21+","0-1 years",0
1003,"No",47,"Sales","Sales Executive","Female","Single","Travel_Rarely",4,2,"Life Sciences",4,3,2,4,4163,1,"Yes",17,3,3,0,9,0,3,9,0,0,7,"45-54","6-10 years","3000-4999","1-5","0-1 years",0
1004,"Yes",30,"Research & Development","Research Scientist","Female","Married","Travel_Rarely",22,3,"Life Sciences",1,3,1,3,2132,4,"Yes",11,3,2,0,7,2,3,5,2,0,1,"25-34","3-5 years","Under 3000","21+","0-1 years",1
1005,"No",50,"Research & Development","Manufacturing Director","Male","Married","Travel_Rarely",24,3,"Life Sciences",4,3,4,3,13973,3,"Yes",18,3,4,1,22,2,3,12,11,1,5,"45-54","10+ years","10000+","21+","0-1 years",0
1006,"No",38,"Research & Development","Research Scientist","Male","Married","Travel_Frequently",10,1,"Medical",3,3,1,3,2684,0,"No",17,3,2,1,3,0,2,2,1,0,2,"35-44","1-2 years","Under 3000","6-10","0-1 years",0
1007,"No",46,"Research & Development","Manufacturing Director","Male","Divorced","Travel_Rarely",7,2,"Medical",4,3,3,3,10845,6,"No",13,3,2,1,13,3,3,8,7,0,7,"45-54","6-10 years","10000+","6-10","0-1 years",0
1009,"No",24,"Research & Development","Manufacturing Director","Female","Divorced","Travel_Rarely",17,1,"Medical",4,2,2,3,4377,1,"No",15,3,2,2,5,6,3,4,2,3,2,"Under 25","3-5 years","3000-4999","11-20","2-3 years",0
1010,"Yes",35,"Research & Development","Laboratory Technician","Male","Divorced","Travel_Rarely",14,4,"Other",3,2,1,2,3743,1,"Yes",24,4,4,1,5,2,1,4,2,0,2,"35-44","3-5 years","3000-4999","11-20","0-1 years",1
1011,"No",31,"Research & Development","Manufacturing Director","Female","Married","Travel_Frequently",1,1,"Life Sciences",3,3,2,1,4148,1,"No",12,3,3,1,4,1,3,4,3,0,3,"25-34","3-5 years","3000-4999","1-5","0-1 years",0
1012,"No",18,"Research & Development","Research Scientist","Male","Single","Non-Travel",5,2,"Life Sciences",2,3,1,4,1051,1,"No",15,3,4,0,0,2,3,0,0,0,0,"Under 25","Under 1 year","Under 3000","1-5","0-1 years",0
1013,"No",54,"Research & Development","Manufacturing Director","Female","Married","Travel_Rarely",17,3,"Technical Degree",3,3,3,3,10739,8,"No",11,3,3,1,22,2,3,10,7,0,8,"45-54","6-10 years","10000+","11-20","0-1 years",0
1014,"No",35,"Research & Development","Healthcare Representative","Female","Divorced","Travel_Rarely",25,4,"Medical",3,3,3,3,10388,1,"Yes",11,3,3,1,16,3,2,16,10,10,1,"35-44","10+ years","10000+","21+","6+ years",0
1015,"No",30,"Research & Development","Research Director","Female","Married","Travel_Rarely",8,2,"Life Sciences",2,4,3,1,11416,0,"Yes",12,3,3,3,9,4,2,8,7,1,7,"25-34","6-10 years","10000+","6-10","0-1 years",0
1016,"Yes",20,"Research & Development","Research Scientist","Female","Single","Travel_Rarely",11,3,"Medical",4,2,1,1,2600,1,"Yes",15,3,1,0,1,2,3,1,0,0,0,"Under 25","1-2 years","Under 3000","11-20","0-1 years",1
1017,"Yes",30,"Research & Development","Laboratory Technician","Female","Single","Travel_Frequently",5,3,"Medical",2,3,1,2,2422,0,"No",17,3,1,0,4,3,3,3,2,1,2,"25-34","3-5 years","Under 3000","1-5","0-1 years",1
1018,"No",26,"Research & Development","Manufacturing Director","Male","Married","Travel_Rarely",2,2,"Medical",4,4,2,4,5472,1,"No",12,3,2,0,8,2,3,8,7,1,3,"25-34","6-10 years","5000-6999","1-5","0-1 years",0
1019,"No",22,"Research & Development","Laboratory Technician","Male","Married","Travel_Rarely",8,1,"Life Sciences",2,1,1,1,2451,1,"No",15,3,1,1,4,3,2,4,3,1,1,"Under 25","3-5 years","Under 3000","6-10","0-1 years",0
1022,"No",48,"Research & Development","Healthcare Representative","Male","Single","Travel_Rarely",6,3,"Life Sciences",1,2,2,3,4240,2,"No",13,3,4,0,19,0,3,2,2,2,2,"45-54","1-2 years","3000-4999","6-10","2-3 years",0
1024,"No",48,"Research & Development","Healthcare Representative","Male","Single","Travel_Rarely",4,4,"Life Sciences",3,2,3,3,10999,7,"No",14,3,2,0,27,3,3,15,11,4,8,"45-54","10+ years","10000+","1-5","4-5 years",0
1025,"No",41,"Research & Development","Manufacturing Director","Female","Single","Travel_Rarely",7,2,"Medical",4,3,2,3,5003,6,"No",14,3,2,0,8,6,3,2,2,2,1,"35-44","1-2 years","5000-6999","6-10","2-3 years",0
1026,"No",39,"Research & Development","Manufacturing Director","Female","Married","Travel_Rarely",1,1,"Life Sciences",4,2,4,4,12742,1,"No",16,3,3,1,21,3,3,21,6,11,8,"35-44","10+ years","10000+","1-5","6+ years",0
1027,"No",27,"Research & Development","Manufacturing Director","Female","Married","Travel_Rarely",2,4,"Life Sciences",1,3,2,4,4227,0,"No",18,3,2,1,4,2,3,3,2,2,2,"25-34","3-5 years","3000-4999","1-5","2-3 years",0
1028,"No",35,"Research & Development","Laboratory Technician","Male","Divorced","Travel_Rarely",10,3,"Other",2,3,1,4,3917,1,"No",20,4,1,1,3,4,2,3,2,1,2,"35-44","3-5 years","3000-4999","6-10","0-1 years",0
1029,"No",42,"Sales","Manager","Male","Married","Travel_Rarely",5,2,"Marketing",4,3,5,3,18303,6,"No",13,3,2,0,21,3,4,1,0,0,0,"35-44","1-2 years","10000+","1-5","0-1 years",0
1030,"No",50,"Research & Development","Laboratory Technician","Male","Married","Travel_Rarely",9,3,"Life Sciences",1,3,1,4,2380,4,"No",18,3,2,0,8,5,3,1,0,0,0,"45-54","1-2 years","Under 3000","6-10","0-1 years",0
1032,"No",59,"Research & Development","Manufacturing Director","Female","Single","Travel_Rarely",2,3,"Life Sciences",3,2,4,4,13726,3,"Yes",13,3,1,0,30,4,3,5,3,4,3,"55+","3-5 years","10000+","1-5","4-5 years",0
1033,"Yes",37,"Research & Development","Healthcare Representative","Female","Married","Travel_Rarely",11,2,"Medical",1,1,2,2,4777,5,"No",15,3,1,0,15,2,1,1,0,0,0,"35-44","1-2 years","3000-4999","11-20","0-1 years",1
1034,"No",55,"Research & Development","Healthcare Representative","Male","Married","Travel_Frequently",18,4,"Medical",3,3,2,2,6385,3,"Yes",14,3,4,2,17,3,3,8,7,6,7,"55+","6-10 years","5000-6999","11-20","6+ years",0
1035,"No",41,"Research & Development","Research Director","Female","Divorced","Non-Travel",7,1,"Life Sciences",2,1,5,3,19973,1,"No",22,4,2,2,21,3,3,21,16,5,10,"35-44","10+ years","10000+","6-10","4-5 years",0
1036,"No",38,"Sales","Sales Executive","Male","Single","Travel_Rarely",3,4,"Life Sciences",2,3,2,4,6861,8,"Yes",12,3,3,0,19,1,3,1,0,0,0,"35-44","1-2 years","5000-6999","1-5","0-1 years",0
1037,"Yes",26,"Sales","Sales Executive","Male","Single","Non-Travel",29,2,"Medical",2,1,2,1,4969,8,"No",18,3,4,0,7,6,3,2,2,2,2,"25-34","1-2 years","3000-4999","21+","2-3 years",1
1038,"Yes",52,"Sales","Manager","Female","Married","Travel_Rarely",2,1,"Marketing",1,1,5,4,19845,1,"No",15,3,4,1,33,3,3,32,14,6,9,"45-54","10+ years","10000+","1-5","6+ years",1
1039,"No",44,"Sales","Sales Executive","Female","Married","Travel_Rarely",28,3,"Medical",4,4,4,4,13320,3,"Yes",18,3,3,1,23,2,3,12,11,11,11,"35-44","10+ years","10000+","21+","6+ years",0
1040,"No",50,"Sales","Sales Executive","Female","Married","Non-Travel",1,3,"Life Sciences",4,3,2,3,6347,0,"No",12,3,1,1,19,3,3,18,7,0,13,"45-54","10+ years","5000-6999","1-5","0-1 years",0
1042,"Yes",36,"Research & Development","Laboratory Technician","Female","Single","Travel_Rarely",16,4,"Life Sciences",3,4,1,1,2743,1,"No",16,3,3,0,18,1,3,17,13,15,14,"35-44","10+ years","Under 3000","11-20","6+ years",1
1043,"No",39,"Research & Development","Manufacturing Director","Female","Single","Travel_Frequently",22,3,"Medical",4,3,3,1,10880,1,"Yes",13,3,3,0,21,2,3,21,6,2,8,"35-44","10+ years","10000+","21+","2-3 years",0
1044,"No",33,"Sales","Sales Representative","Female","Single","Non-Travel",8,1,"Life Sciences",2,2,1,4,2342,0,"No",19,3,4,0,3,2,2,2,2,2,2,"25-34","1-2 years","Under 3000","6-10","2-3 years",0
1045,"No",45,"Sales","Manager","Female","Married","Travel_Rarely",11,2,"Life Sciences",4,3,4,4,17650,3,"No",13,3,2,1,26,4,4,9,3,1,1,"45-54","6-10 years","10000+","11-20","0-1 years",0
1046,"No",32,"Research & Development","Laboratory Technician","Female","Single","Non-Travel",29,4,"Medical",4,3,1,3,4025,9,"No",12,3,2,0,10,2,3,8,7,7,7,"25-34","6-10 years","3000-4999","21+","6+ years",0
1047,"No",34,"Sales","Sales Executive","Male","Divorced","Travel_Rarely",1,4,"Marketing",2,4,2,4,9725,0,"No",11,3,4,1,16,2,2,15,1,0,9,"25-34","10+ years","7000-9999","1-5","0-1 years",0
1048,"No",59,"Sales","Manager","Male","Married","Travel_Rarely",1,2,"Technical Degree",2,3,3,4,11904,3,"Yes",14,3,3,1,14,1,1,6,4,0,4,"55+","6-10 years","10000+","1-5","0-1 years",0
1049,"No",45,"Human Resources","Human Resources","Male","Single","Travel_Rarely",24,4,"Medical",2,3,1,2,2177,1,"No",16,3,1,0,6,3,3,6,3,0,4,"45-54","6-10 years","Under 3000","21+","0-1 years",0
1050,"No",53,"Sales","Sales Executive","Female","Married","Travel_Frequently",2,3,"Marketing",3,2,3,2,7525,2,"No",12,3,1,1,30,2,3,15,7,6,12,"45-54","10+ years","7000-9999","1-5","6+ years",0
1052,"Yes",36,"Research & Development","Laboratory Technician","Male","Divorced","Travel_Rarely",15,3,"Other",1,3,2,3,4834,7,"No",14,3,2,1,9,3,2,1,0,0,0,"35-44","1-2 years","3000-4999","11-20","0-1 years",1
1053,"Yes",26,"Research & Development","Research Scientist","Male","Married","Travel_Frequently",2,3,"Life Sciences",1,3,1,1,2042,6,"Yes",14,3,2,1,6,2,3,3,2,1,2,"25-34","3-5 years","Under 3000","1-5","0-1 years",1
1055,"No",34,"Sales","Sales Representative","Female","Married","Travel_Rarely",10,4,"Life Sciences",3,3,1,3,2220,1,"Yes",19,3,4,1,1,2,3,1,1,0,0,"25-34","1-2 years","Under 3000","6-10","0-1 years",0
1056,"No",28,"Sales","Sales Representative","Male","Married","Travel_Rarely",10,1,"Medical",4,3,1,2,1052,1,"No",22,4,2,0,1,5,3,1,0,0,0,"25-34","1-2 years","Under 3000","6-10","0-1 years",0
1060,"No",38,"Research & Development","Research Scientist","Male","Married","Travel_Frequently",3,4,"Other",3,3,1,3,2821,3,"No",16,3,1,1,8,2,3,2,2,2,2,"35-44","1-2 years","Under 3000","1-5","2-3 years",0
1061,"No",50,"Research & Development","Research Director","Male","Married","Travel_Rarely",2,4,"Medical",2,3,5,3,19237,2,"Yes",11,3,4,1,29,2,2,8,1,7,7,"45-54","6-10 years","10000+","1-5","6+ years",0
1062,"No",37,"Research & Development","Healthcare Representative","Female","Single","Travel_Rarely",3,3,"Other",4,3,2,2,4107,3,"No",15,3,1,0,8,3,2,4,3,0,1,"35-44","3-5 years","3000-4999","1-5","0-1 years",0
1066,"No",40,"Sales","Sales Executive","Male","Married","Travel_Rarely",26,3,"Marketing",3,3,2,1,8396,1,"No",14,3,2,1,8,3,2,7,7,7,5,"35-44","6-10 years","7000-9999","21+","6+ years",0
1068,"No",26,"Research & Development","Research Scientist","Female","Divorced","Travel_Frequently",1,1,"Medical",1,2,1,3,2007,1,"No",13,3,3,2,5,5,3,5,3,1,3,"25-34","3-5 years","Under 3000","1-5","0-1 years",0
1069,"No",46,"Research & Development","Research Director","Male","Divorced","Travel_Rarely",1,4,"Medical",4,3,5,4,19627,9,"No",17,3,4,2,23,0,3,2,2,2,2,"45-54","1-2 years","10000+","1-5","2-3 years",0
1070,"No",54,"Sales","Sales Executive","Female","Married","Travel_Rarely",2,4,"Life Sciences",3,2,3,3,10686,6,"No",11,3,2,1,13,4,3,9,4,7,0,"45-54","6-10 years","10000+","1-5","6+ years",0
1071,"No",56,"Research & Development","Research Scientist","Female","Married","Travel_Frequently",9,3,"Medical",1,3,1,3,2942,2,"No",19,3,2,1,18,4,3,5,4,0,3,"55+","3-5 years","Under 3000","6-10","0-1 years",0
1073,"No",36,"Research & Development","Manufacturing Director","Female","Single","Travel_Rarely",12,5,"Medical",4,2,3,4,8858,0,"No",11,3,2,0,15,2,2,14,8,7,8,"35-44","10+ years","7000-9999","11-20","6+ years",0
1074,"No",55,"Research & Development","Manager","Male","Single","Non-Travel",2,1,"Medical",3,2,4,1,16756,7,"No",15,3,2,0,31,3,4,9,7,6,2,"55+","6-10 years","10000+","1-5","6+ years",0
1076,"No",43,"Sales","Sales Executive","Male","Divorced","Travel_Rarely",25,3,"Medical",3,2,3,4,10798,5,"No",13,3,3,1,18,5,3,1,0,0,0,"35-44","1-2 years","10000+","21+","0-1 years",0
1077,"Yes",20,"Sales","Sales Representative","Female","Single","Travel_Frequently",9,3,"Marketing",4,3,1,4,2323,1,"Yes",14,3,2,0,2,3,3,2,2,0,2,"Under 25","1-2 years","Under 3000","6-10","0-1 years",1
1079,"Yes",21,"Research & Development","Laboratory Technician","Female","Single","Travel_Rarely",10,3,"Life Sciences",3,2,1,1,1416,1,"No",13,3,1,0,1,6,2,1,0,1,0,"Under 25","1-2 years","Under 3000","6-10","0-1 years",1
1080,"No",46,"Research & Development","Research Scientist","Female","Divorced","Travel_Rarely",8,4,"Life Sciences",4,2,2,1,4615,8,"Yes",23,4,1,3,19,2,3,16,13,1,7,"45-54","10+ years","3000-4999","6-10","0-1 years",0
1081,"Yes",51,"Research & Development","Research Scientist","Male","Married","Travel_Rarely",4,4,"Life Sciences",1,3,1,3,2461,9,"Yes",12,3,3,3,18,2,4,10,0,2,7,"45-54","6-10 years","Under 3000","1-5","2-3 years",1
1082,"Yes",28,"Research & Development","Healthcare Representative","Male","Single","Non-Travel",24,2,"Technical Degree",2,2,3,1,8722,1,"No",12,3,1,0,10,2,2,10,7,1,9,"25-34","6-10 years","7000-9999","21+","0-1 years",1
1083,"No",26,"Research & Development","Laboratory Technician","Male","Married","Travel_Rarely",1,2,"Medical",1,2,1,1,3955,1,"No",16,3,1,2,6,2,3,5,3,1,3,"25-34","3-5 years","3000-4999","1-5","0-1 years",0
1084,"No",30,"Research & Development","Manufacturing Director","Male","Married","Travel_Rarely",20,3,"Other",3,3,2,1,9957,0,"No",15,3,3,1,7,1,2,6,2,0,2,"25-34","6-10 years","7000-9999","11-20","0-1 years",0
1085,"No",41,"Research & Development","Research Scientist","Female","Married","Travel_Rarely",7,2,"Technical Degree",2,4,1,3,3376,1,"No",13,3,3,0,10,3,3,10,6,0,8,"35-44","6-10 years","3000-4999","6-10","0-1 years",0
1088,"No",38,"Research & Development","Healthcare Representative","Female","Married","Travel_Rarely",17,1,"Life Sciences",3,2,3,3,8823,0,"No",18,3,1,1,20,4,2,19,9,1,9,"35-44","10+ years","7000-9999","11-20","0-1 years",0
1092,"No",40,"Research & Development","Healthcare Representative","Male","Married","Travel_Rarely",20,4,"Technical Degree",1,3,3,4,10322,4,"No",20,4,4,1,14,6,3,11,10,11,1,"35-44","10+ years","10000+","11-20","6+ years",0
1094,"No",27,"Research & Development","Laboratory Technician","Male","Married","Non-Travel",8,5,"Life Sciences",1,1,1,3,4621,1,"No",19,3,4,3,3,4,3,3,2,1,2,"25-34","3-5 years","3000-4999","6-10","0-1 years",0
1096,"No",55,"Research & Development","Manufacturing Director","Male","Married","Travel_Frequently",2,1,"Life Sciences",4,3,3,2,10976,3,"No",18,3,2,1,23,4,3,3,2,1,2,"55+","3-5 years","10000+","1-5","0-1 years",0
1097,"No",28,"Research & Development","Research Scientist","Female","Single","Travel_Rarely",10,3,"Other",3,3,2,3,3660,3,"No",13,3,4,0,10,4,4,8,7,1,7,"25-34","6-10 years","3000-4999","6-10","0-1 years",0
1098,"Yes",44,"Human Resources","Human Resources","Male","Married","Travel_Rarely",1,2,"Medical",2,2,3,1,10482,9,"No",14,3,4,1,24,1,3,20,6,3,6,"35-44","10+ years","10000+","1-5","2-3 years",1
1099,"No",33,"Research & Development","Healthcare Representative","Male","Divorced","Travel_Rarely",5,3,"Life Sciences",4,2,3,4,7119,4,"No",15,3,3,1,9,2,3,3,2,1,2,"25-34","3-5 years","7000-9999","1-5","0-1 years",0
1100,"Yes",35,"Sales","Sales Executive","Male","Single","Travel_Rarely",4,3,"Technical Degree",4,3,3,1,9582,0,"Yes",22,4,1,0,9,2,3,8,7,4,7,"35-44","6-10 years","7000-9999","1-5","4-5 years",1
1101,"Yes",33,"Research & Development","Research Scientist","Female","Single","Travel_Frequently",29,4,"Medical",1,2,2,3,4508,1,"No",22,4,2,0,14,4,3,13,7,3,8,"25-34","10+ years","3000-4999","21+","2-3 years",1
1102,"No",28,"Research & Development","Laboratory Technician","Male","Divorced","Travel_Rarely",15,2,"Life Sciences",1,3,1,3,2207,1,"No",16,3,4,1,4,5,2,4,2,2,2,"25-34","3-5 years","Under 3000","11-20","2-3 years",0
1103,"No",34,"Research & Development","Healthcare Representative","Male","Single","Travel_Frequently",3,1,"Life Sciences",1,3,2,4,7756,0,"No",17,3,3,0,7,1,2,6,2,0,4,"25-34","6-10 years","7000-9999","1-5","0-1 years",0
1105,"No",37,"Sales","Sales Executive","Female","Divorced","Travel_Rarely",10,4,"Life Sciences",4,2,2,4,6694,2,"Yes",14,3,3,3,8,5,3,1,0,0,0,"35-44","1-2 years","5000-6999","6-10","0-1 years",0
1106,"Yes",25,"Research & Development","Laboratory Technician","Male","Married","Travel_Rarely",4,1,"Technical Degree",4,3,1,4,3691,1,"Yes",15,3,2,1,7,3,4,7,7,5,6,"25-34","6-10 years","3000-4999","1-5","4-5 years",1
1107,"Yes",26,"Research & Development","Laboratory Technician","Male","Divorced","Travel_Rarely",21,3,"Medical",1,3,1,3,2377,1,"No",20,4,3,1,1,0,2,1,1,0,0,"25-34","1-2 years","Under 3000","21+","0-1 years",1
1108,"Yes",33,"Research & Development","Research Scientist","Male","Single","Travel_Rarely",25,3,"Medical",1,2,1,2,2313,4,"Yes",20,4,2,0,5,0,3,2,2,2,2,"25-34","1-2 years","Under 3000","21+","2-3 years",1
1109,"No",42,"Research & Development","Manager","Male","Married","Travel_Rarely",2,2,"Medical",4,3,4,1,17665,0,"No",17,3,4,1,23,3,3,22,6,13,7,"35-44","10+ years","10000+","1-5","6+ years",0
1111,"Yes",28,"Research & Development","Laboratory Technician","Male","Divorced","Travel_Frequently",1,3,"Medical",1,2,1,2,2596,1,"No",15,3,1,2,1,2,3,1,0,0,0,"25-34","1-2 years","Under 3000","1-5","0-1 years",1
1113,"Yes",50,"Sales","Sales Executive","Male","Single","Travel_Frequently",1,4,"Other",4,3,2,3,4728,3,"Yes",14,3,4,0,5,4,3,0,0,0,0,"45-54","Under 1 year","3000-4999","1-5","0-1 years",1
1114,"No",33,"Sales","Sales Executive","Female","Married","Travel_Frequently",7,3,"Life Sciences",4,3,2,2,4302,0,"No",17,3,3,1,4,3,3,3,2,0,2,"25-34","3-5 years","3000-4999","6-10","0-1 years",0
1115,"No",34,"Research & Development","Research Scientist","Male","Married","Non-Travel",3,4,"Life Sciences",3,2,1,4,2979,3,"No",17,3,4,3,6,2,3,0,0,0,0,"25-34","Under 1 year","Under 3000","1-5","0-1 years",0
1116,"No",48,"Research & Development","Manager","Male","Single","Non-Travel",1,4,"Medical",1,4,4,4,16885,2,"No",22,4,3,0,27,3,2,5,4,2,1,"45-54","3-5 years","10000+","1-5","2-3 years",0
1117,"No",45,"Sales","Sales Executive","Female","Married","Non-Travel",9,4,"Life Sciences",2,2,2,3,5593,1,"No",13,3,4,1,15,2,3,15,10,4,12,"45-54","10+ years","5000-6999","6-10","4-5 years",0
1118,"No",52,"Research & Development","Healthcare Representative","Male","Single","Travel_Rarely",7,4,"Life Sciences",2,3,3,2,10445,7,"No",19,3,4,0,18,4,3,8,6,4,0,"45-54","6-10 years","10000+","6-10","4-5 years",0
1119,"No",38,"Sales","Sales Executive","Male","Divorced","Travel_Rarely",10,4,"Marketing",3,2,3,3,8740,0,"Yes",14,3,2,2,9,2,3,8,7,2,7,"35-44","6-10 years","7000-9999","6-10","2-3 years",0
1120,"No",29,"Research & Development","Research Scientist","Female","Divorced","Travel_Rarely",28,4,"Life Sciences",3,3,1,4,2514,4,"No",22,4,1,1,11,1,3,7,5,1,7,"25-34","6-10 years","Under 3000","21+","0-1 years",0
1121,"No",28,"Research & Development","Manufacturing Director","Female","Divorced","Travel_Rarely",3,3,"Medical",4,3,3,2,7655,0,"No",17,3,2,3,10,3,2,9,7,1,7,"25-34","6-10 years","7000-9999","1-5","0-1 years",0
1124,"No",46,"Sales","Manager","Male","Married","Travel_Rarely",3,1,"Marketing",1,3,4,3,17465,3,"No",12,3,4,1,23,3,3,12,9,4,9,"45-54","10+ years","10000+","1-5","4-5 years",0
1125,"No",38,"Sales","Sales Executive","Male","Single","Travel_Rarely",2,2,"Marketing",4,3,3,2,7351,7,"No",16,3,3,0,10,2,3,1,0,0,0,"35-44","1-2 years","7000-9999","1-5","0-1 years",0
1126,"No",43,"Research & Development","Manufacturing Director","Female","Married","Travel_Frequently",27,3,"Life Sciences",3,3,3,1,10820,8,"No",11,3,3,1,18,1,3,8,7,0,1,"35-44","6-10 years","10000+","21+","0-1 years",0
1127,"Yes",39,"Research & Development","Healthcare Representative","Male","Divorced","Travel_Frequently",2,3,"Life Sciences",1,3,4,4,12169,7,"No",11,3,4,3,21,4,3,18,7,11,5,"35-44","10+ years","10000+","1-5","6+ years",1
1128,"No",40,"Research & Development","Research Director","Male","Single","Travel_Rarely",14,3,"Medical",3,2,5,3,19626,1,"No",14,3,1,0,21,2,4,20,7,4,9,"35-44","10+ years","10000+","11-20","4-5 years",0
1131,"No",21,"Research & Development","Research Scientist","Female","Single","Travel_Rarely",1,1,"Technical Degree",4,2,1,2,2070,1,"Yes",11,3,3,0,2,6,4,2,2,2,2,"Under 25","1-2 years","Under 3000","1-5","2-3 years",0
1132,"No",39,"Research & Development","Laboratory Technician","Male","Single","Non-Travel",9,3,"Life Sciences",3,3,2,2,6782,9,"No",15,3,3,0,9,2,2,5,4,0,3,"35-44","3-5 years","5000-6999","6-10","0-1 years",0
1133,"No",36,"Research & Development","Manufacturing Director","Male","Single","Non-Travel",18,4,"Life Sciences",1,3,2,4,7779,2,"No",20,4,1,0,18,0,3,11,9,0,9,"35-44","10+ years","7000-9999","11-20","0-1 years",0
1135,"No",31,"Sales","Sales Representative","Male","Married","Travel_Frequently",20,3,"Life Sciences",3,4,1,4,2791,0,"No",12,3,1,1,3,4,3,2,2,2,2,"25-34","1-2 years","Under 3000","11-20","2-3 years",0
1136,"No",28,"Research & Development","Research Scientist","Male","Married","Travel_Rarely",2,1,"Life Sciences",1,2,1,2,3201,0,"No",17,3,1,0,6,2,1,5,3,0,4,"25-34","3-5 years","3000-4999","1-5","0-1 years",0
1137,"No",35,"Sales","Sales Executive","Male","Divorced","Travel_Frequently",11,2,"Marketing",4,3,2,4,4968,1,"No",11,3,4,1,5,3,3,5,2,0,2,"35-44","3-5 years","3000-4999","11-20","0-1 years",0
1138,"No",49,"Sales","Sales Executive","Male","Married","Travel_Rarely",8,4,"Technical Degree",4,2,4,2,13120,6,"No",17,3,2,1,22,3,3,9,8,2,3,"45-54","6-10 years","10000+","6-10","2-3 years",0
1140,"No",34,"Research & Development","Manufacturing Director","Male","Single","Travel_Frequently",2,2,"Life Sciences",4,3,2,3,4033,2,"No",11,3,4,0,5,3,2,3,2,0,2,"25-34","3-5 years","3000-4999","1-5","0-1 years",0
1143,"No",29,"Research & Development","Research Scientist","Female","Divorced","Travel_Frequently",10,3,"Life Sciences",4,3,1,2,3291,0,"No",14,3,4,2,8,2,2,7,5,1,1,"25-34","6-10 years","3000-4999","6-10","0-1 years",0
1148,"No",42,"Research & Development","Laboratory Technician","Male","Single","Travel_Rarely",29,3,"Medical",2,1,2,4,4272,4,"No",19,3,1,0,16,3,3,1,0,0,0,"35-44","1-2 years","3000-4999","21+","0-1 years",0
1150,"No",29,"Research & Development","Manufacturing Director","Male","Married","Travel_Rarely",8,1,"Medical",2,2,2,4,5056,1,"Yes",15,3,3,1,10,2,2,10,7,1,2,"25-34","6-10 years","5000-6999","6-10","0-1 years",0
1152,"No",38,"Human Resources","Human Resources","Male","Married","Travel_Rarely",1,3,"Human Resources",3,4,1,3,2844,1,"No",13,3,4,1,7,2,4,7,6,5,0,"35-44","6-10 years","Under 3000","1-5","4-5 years",0
1154,"No",28,"Research & Development","Research Scientist","Male","Divorced","Travel_Frequently",6,3,"Life Sciences",3,2,1,3,2703,1,"Yes",14,3,4,1,3,2,3,3,1,0,2,"25-34","3-5 years","Under 3000","6-10","0-1 years",0
1156,"Yes",18,"Research & Development","Laboratory Technician","Male","Single","Non-Travel",8,1,"Medical",3,3,1,3,1904,1,"No",12,3,4,0,0,0,3,0,0,0,0,"Under 25","Under 1 year","Under 3000","6-10","0-1 years",1
1157,"Yes",33,"Sales","Sales Executive","Female","Single","Travel_Rarely",9,4,"Marketing",1,3,2,1,8224,0,"Yes",17,3,1,0,6,3,3,5,2,0,3,"25-34","3-5 years","7000-9999","6-10","0-1 years",1
1158,"No",41,"Research & Development","Laboratory Technician","Male","Married","Travel_Rarely",12,4,"Life Sciences",2,3,1,4,4766,3,"Yes",11,3,1,1,6,4,3,1,0,0,0,"35-44","1-2 years","3000-4999","11-20","0-1 years",0
1160,"Yes",31,"Research & Development","Laboratory Technician","Male","Married","Travel_Frequently",15,3,"Medical",3,3,1,3,2610,1,"No",12,3,3,1,2,5,2,2,2,2,2,"25-34","1-2 years","Under 3000","11-20","2-3 years",1
1161,"No",37,"Research & Development","Healthcare Representative","Female","Divorced","Travel_Rarely",25,2,"Medical",3,2,2,4,5731,7,"No",13,3,3,2,9,2,3,6,2,1,3,"35-44","6-10 years","5000-6999","21+","0-1 years",0
1162,"No",27,"Research & Development","Research Scientist","Male","Married","Travel_Rarely",6,3,"Life Sciences",4,2,1,3,2539,1,"No",13,3,3,1,4,0,3,4,2,2,2,"25-34","3-5 years","Under 3000","6-10","2-3 years",0
1163,"No",34,"Sales","Sales Executive","Female","Married","Travel_Rarely",9,1,"Life Sciences",2,3,2,3,5714,1,"No",20,4,1,0,6,3,2,6,5,1,3,"25-34","6-10 years","5000-6999","6-10","0-1 years",0
1164,"No",35,"Human Resources","Human Resources","Male","Single","Travel_Rarely",8,4,"Technical Degree",3,3,1,3,4323,1,"No",17,3,2,0,6,2,1,5,4,1,4,"35-44","3-5 years","3000-4999","6-10","0-1 years",0
1165,"Yes",29,"Sales","Sales Executive","Female","Married","Travel_Rarely",23,1,"Life Sciences",4,2,3,1,7336,1,"No",13,3,1,1,11,3,1,11,8,3,10,"25-34","10+ years","7000-9999","21+","2-3 years",1
1166,"No",40,"Research & Development","Research Director","Female","Single","Travel_Frequently",9,4,"Medical",2,3,3,3,13499,9,"No",17,3,3,0,20,3,2,18,7,2,13,"35-44","10+ years","10000+","6-10","2-3 years",0
1167,"Yes",42,"Sales","Sales Executive","Male","Single","Travel_Frequently",12,3,"Life Sciences",3,3,4,1,13758,0,"Yes",12,3,2,0,22,2,2,21,9,13,14,"35-44","10+ years","10000+","11-20","6+ years",1
1171,"No",42,"Sales","Sales Executive","Male","Single","Travel_Rarely",4,4,"Marketing",2,3,2,1,5155,7,"No",13,3,4,0,9,3,4,6,4,1,5,"35-44","6-10 years","5000-6999","1-5","0-1 years",0
1172,"No",35,"Research & Development","Laboratory Technician","Male","Married","Travel_Rarely",1,4,"Medical",4,2,1,3,2258,6,"No",12,3,2,1,10,2,3,8,0,1,7,"35-44","6-10 years","Under 3000","1-5","0-1 years",0
1173,"No",24,"Research & Development","Laboratory Technician","Male","Single","Travel_Rarely",24,3,"Medical",4,3,1,2,3597,8,"No",22,4,4,0,6,2,3,4,3,1,2,"Under 25","3-5 years","3000-4999","21+","0-1 years",0
1175,"Yes",28,"Research & Development","Laboratory Technician","Female","Married","Travel_Rarely",12,1,"Life Sciences",3,3,1,4,2515,1,"Yes",11,3,4,0,1,4,2,1,1,0,0,"25-34","1-2 years","Under 3000","11-20","0-1 years",1
1177,"No",26,"Research & Development","Laboratory Technician","Male","Married","Travel_Rarely",3,4,"Medical",1,4,1,4,4420,1,"No",22,4,2,1,8,2,3,8,7,0,7,"25-34","6-10 years","3000-4999","1-5","0-1 years",0
1179,"No",30,"Sales","Sales Executive","Male","Married","Travel_Rarely",10,3,"Marketing",3,2,2,3,6578,1,"No",18,3,1,1,10,3,3,10,3,1,4,"25-34","6-10 years","5000-6999","6-10","0-1 years",0
1180,"No",40,"Research & Development","Research Scientist","Female","Married","Travel_Frequently",26,2,"Medical",3,2,2,4,4422,3,"Yes",13,3,4,1,16,3,1,1,1,0,0,"35-44","1-2 years","3000-4999","21+","0-1 years",0
1182,"No",35,"Research & Development","Manufacturing Director","Male","Divorced","Travel_Rarely",2,3,"Life Sciences",3,2,3,2,10274,2,"No",18,3,2,1,15,2,4,7,7,6,4,"35-44","6-10 years","10000+","1-5","6+ years",0
1184,"No",34,"Research & Development","Healthcare Representative","Male","Single","Travel_Frequently",1,3,"Medical",4,2,2,1,5343,0,"No",20,4,3,0,14,3,3,13,9,4,9,"25-34","10+ years","5000-6999","1-5","4-5 years",0
1185,"No",35,"Research & Development","Laboratory Technician","Male","Married","Travel_Frequently",4,4,"Other",4,2,1,4,2376,1,"No",13,3,2,1,2,2,4,2,2,2,2,"35-44","1-2 years","Under 3000","1-5","2-3 years",0
1188,"Yes",43,"Sales","Sales Executive","Female","Single","Travel_Rarely",9,3,"Marketing",1,1,2,3,5346,8,"No",13,3,2,0,7,2,2,4,3,1,3,"35-44","3-5 years","5000-6999","6-10","0-1 years",1
1190,"No",32,"Sales","Sales Representative","Female","Divorced","Non-Travel",2,1,"Life Sciences",3,3,1,1,2827,1,"No",12,3,3,3,1,3,3,1,0,0,0,"25-34","1-2 years","Under 3000","1-5","0-1 years",0
1191,"No",56,"Research & Development","Manager","Female","Divorced","Travel_Rarely",4,4,"Technical Degree",4,3,5,1,19943,4,"No",13,3,4,1,28,2,3,5,2,4,2,"55+","3-5 years","10000+","1-5","4-5 years",0
1192,"No",29,"Research & Development","Laboratory Technician","Female","Married","Travel_Rarely",6,1,"Medical",2,3,1,4,3131,1,"No",13,3,1,1,10,5,3,10,8,0,8,"25-34","6-10 years","3000-4999","6-10","0-1 years",0
1193,"No",19,"Research & Development","Research Scientist","Male","Single","Travel_Rarely",9,2,"Life Sciences",3,3,1,1,2552,1,"No",25,4,3,0,1,4,3,1,1,0,0,"Under 25","1-2 years","Under 3000","6-10","0-1 years",0
1195,"No",45,"Research & Development","Research Scientist","Female","Married","Travel_Rarely",7,3,"Medical",1,3,1,3,4477,4,"Yes",19,3,3,1,7,2,2,3,2,0,2,"45-54","3-5 years","3000-4999","6-10","0-1 years",0
1196,"No",37,"Research & Development","Manufacturing Director","Female","Married","Travel_Rarely",1,3,"Life Sciences",4,2,2,4,6474,1,"No",13,3,2,1,14,2,2,14,8,3,11,"35-44","10+ years","5000-6999","1-5","2-3 years",0
1198,"No",20,"Research & Development","Laboratory Technician","Male","Single","Travel_Rarely",3,3,"Life Sciences",1,2,1,3,3033,1,"No",12,3,1,0,2,2,2,2,2,1,2,"Under 25","1-2 years","3000-4999","1-5","0-1 years",0
1200,"Yes",44,"Research & Development","Research Scientist","Male","Single","Travel_Rarely",10,4,"Life Sciences",3,3,1,3,2936,1,"Yes",11,3,3,0,6,4,3,6,4,0,2,"35-44","6-10 years","Under 3000","6-10","0-1 years",1
1201,"No",53,"Research & Development","Manager","Female","Divorced","Travel_Rarely",7,2,"Medical",4,3,5,3,18606,3,"No",18,3,2,1,26,6,3,7,7,4,7,"45-54","6-10 years","10000+","6-10","4-5 years",0
1202,"No",29,"Research & Development","Research Scientist","Female","Married","Travel_Rarely",15,1,"Life Sciences",2,1,1,4,2168,0,"Yes",18,3,1,1,6,2,2,5,4,1,3,"25-34","3-5 years","Under 3000","11-20","0-1 years",0
1203,"Yes",22,"Research & Development","Research Scientist","Male","Married","Travel_Frequently",3,4,"Life Sciences",3,2,1,4,2853,0,"Yes",11,3,2,1,1,5,3,0,0,0,0,"Under 25","Under 1 year","Under 3000","1-5","0-1 years",1
1204,"No",46,"Sales","Manager","Female","Married","Travel_Rarely",2,3,"Marketing",3,3,4,1,17048,8,"No",23,4,1,0,28,2,3,26,15,15,9,"45-54","10+ years","10000+","1-5","6+ years",0
1206,"No",44,"Research & Development","Research Scientist","Male","Single","Non-Travel",17,3,"Life Sciences",4,1,1,3,2290,2,"No",13,3,4,0,6,3,3,0,0,0,0,"35-44","Under 1 year","Under 3000","11-20","0-1 years",0
1207,"No",33,"Human Resources","Human Resources","Male","Married","Travel_Rarely",2,3,"Human Resources",2,3,1,3,3600,1,"No",13,3,4,1,5,2,3,5,4,1,4,"25-34","3-5 years","3000-4999","1-5","0-1 years",0
1210,"Yes",41,"Research & Development","Research Scientist","Male","Divorced","Non-Travel",5,2,"Life Sciences",1,2,1,1,2107,6,"No",17,3,1,1,5,2,1,1,0,0,0,"35-44","1-2 years","Under 3000","1-5","0-1 years",1
1211,"No",30,"Sales","Sales Executive","Male","Divorced","Travel_Rarely",29,4,"Life Sciences",3,3,2,1,4115,8,"No",19,3,3,3,8,3,3,4,3,0,3,"25-34","3-5 years","3000-4999","21+","0-1 years",0
1212,"No",40,"Sales","Sales Executive","Male","Married","Travel_Frequently",2,4,"Medical",2,3,2,2,4327,5,"No",12,3,4,3,5,2,3,0,0,0,0,"35-44","Under 1 year","3000-4999","1-5","0-1 years",0
1215,"No",50,"Research & Development","Manager","Female","Married","Travel_Frequently",2,3,"Medical",4,3,4,1,17856,2,"No",22,4,3,1,32,3,3,2,2,2,2,"45-54","1-2 years","10000+","1-5","2-3 years",0
1216,"No",28,"Research & Development","Laboratory Technician","Male","Married","Travel_Rarely",19,4,"Medical",4,2,1,1,3196,1,"No",12,3,3,3,6,2,3,6,5,3,3,"25-34","6-10 years","3000-4999","11-20","2-3 years",0
1217,"No",46,"Research & Development","Research Director","Male","Married","Travel_Rarely",15,2,"Life Sciences",4,3,5,2,19081,5,"No",11,3,1,1,25,2,3,4,2,0,3,"45-54","3-5 years","10000+","11-20","0-1 years",0
1218,"No",35,"Sales","Sales Executive","Male","Married","Travel_Rarely",17,4,"Life Sciences",3,3,2,1,8966,3,"Yes",15,3,4,3,15,2,3,7,7,1,7,"35-44","6-10 years","7000-9999","11-20","0-1 years",0
1219,"Yes",24,"Research & Development","Laboratory Technician","Female","Married","Travel_Rarely",17,2,"Life Sciences",4,3,1,2,2210,1,"No",13,3,1,1,1,3,1,1,0,0,0,"Under 25","1-2 years","Under 3000","11-20","0-1 years",1
1220,"No",33,"Sales","Sales Executive","Female","Married","Travel_Frequently",25,3,"Medical",2,3,2,3,4539,1,"No",12,3,1,1,10,3,2,10,7,0,1,"25-34","6-10 years","3000-4999","21+","0-1 years",0
1221,"No",36,"Research & Development","Laboratory Technician","Male","Divorced","Travel_Rarely",6,4,"Life Sciences",3,1,1,3,2741,1,"No",14,3,3,1,7,4,3,7,7,1,7,"35-44","6-10 years","Under 3000","6-10","0-1 years",0
1224,"No",30,"Research & Development","Laboratory Technician","Male","Divorced","Travel_Rarely",7,4,"Life Sciences",3,3,2,3,3491,1,"No",13,3,1,3,10,4,2,10,7,8,9,"25-34","6-10 years","3000-4999","6-10","6+ years",0
1225,"No",44,"Research & Development","Research Scientist","Male","Single","Travel_Rarely",29,4,"Other",4,3,2,4,4541,1,"No",25,4,2,0,20,3,3,20,11,13,17,"35-44","10+ years","3000-4999","21+","6+ years",0
1226,"No",20,"Sales","Sales Representative","Male","Single","Travel_Rarely",21,3,"Marketing",3,4,1,4,2678,1,"No",17,3,4,0,2,2,3,2,1,2,2,"Under 25","1-2 years","Under 3000","21+","2-3 years",0
1228,"No",46,"Research & Development","Manufacturing Director","Male","Divorced","Travel_Rarely",2,4,"Technical Degree",4,3,2,4,7379,2,"No",11,3,3,1,12,3,2,6,3,1,4,"45-54","6-10 years","7000-9999","1-5","0-1 years",0
1231,"No",42,"Human Resources","Human Resources","Male","Married","Non-Travel",2,5,"Medical",4,4,2,1,6272,7,"No",16,3,1,1,10,3,4,4,3,0,3,"35-44","3-5 years","5000-6999","1-5","0-1 years",0
1233,"No",60,"Sales","Sales Executive","Male","Divorced","Travel_Rarely",7,4,"Marketing",2,4,2,4,5220,0,"Yes",18,3,2,1,12,3,3,11,7,1,9,"55+","10+ years","5000-6999","6-10","0-1 years",0
1234,"No",32,"Research & Development","Laboratory Technician","Female","Married","Travel_Frequently",13,3,"Other",3,2,1,2,2743,1,"No",20,4,3,1,2,2,3,2,2,2,2,"25-34","1-2 years","Under 3000","11-20","2-3 years",0
1235,"No",32,"Research & Development","Research Scientist","Female","Single","Travel_Frequently",2,2,"Life Sciences",4,3,2,3,4998,4,"Yes",14,3,4,0,10,2,3,8,7,0,7,"25-34","6-10 years","3000-4999","1-5","0-1 years",0
1237,"No",36,"Research & Development","Manufacturing Director","Female","Divorced","Travel_Rarely",1,3,"Technical Degree",3,1,3,1,10252,2,"Yes",21,4,3,1,17,2,3,7,7,7,7,"35-44","6-10 years","10000+","1-5","6+ years",0
1238,"No",33,"Research & Development","Research Scientist","Male","Married","Travel_Rarely",9,3,"Medical",1,3,1,4,2781,0,"No",13,3,2,1,15,5,3,14,10,4,10,"25-34","10+ years","Under 3000","6-10","4-5 years",0
1239,"No",40,"Sales","Sales Executive","Female","Divorced","Travel_Rarely",10,3,"Technical Degree",2,2,2,2,6852,7,"No",12,3,2,1,7,2,4,5,1,1,3,"35-44","3-5 years","5000-6999","6-10","0-1 years",0
1240,"No",25,"Sales","Sales Executive","Male","Single","Travel_Rarely",10,4,"Life Sciences",3,3,2,4,4950,0,"No",14,3,2,0,5,4,3,4,3,1,1,"25-34","3-5 years","3000-4999","6-10","0-1 years",0
1241,"No",30,"Research & Development","Research Scientist","Male","Married","Travel_Rarely",1,3,"Medical",4,3,1,2,3579,0,"Yes",21,4,1,1,12,2,3,11,9,5,7,"25-34","10+ years","3000-4999","1-5","4-5 years",0
1242,"No",42,"Research & Development","Research Director","Female","Married","Travel_Frequently",26,5,"Medical",1,3,3,1,13191,3,"Yes",17,3,3,0,20,6,3,1,0,0,0,"35-44","1-2 years","10000+","21+","0-1 years",0
1243,"No",35,"Sales","Sales Executive","Female","Married","Non-Travel",8,2,"Marketing",3,2,3,4,10377,4,"Yes",11,3,2,1,16,6,2,13,2,4,12,"35-44","10+ years","10000+","6-10","4-5 years",0
1244,"No",27,"Research & Development","Research Scientist","Male","Married","Travel_Rarely",14,3,"Life Sciences",1,3,1,1,2235,1,"Yes",14,3,4,2,9,3,2,9,7,6,8,"25-34","6-10 years","Under 3000","11-20","6+ years",0
1245,"No",54,"Research & Development","Manufacturing Director","Female","Divorced","Travel_Frequently",1,4,"Life Sciences",4,3,3,3,10502,7,"No",17,3,1,1,33,2,1,5,4,1,4,"45-54","3-5 years","10000+","1-5","0-1 years",0
1246,"No",44,"Research & Development","Research Scientist","Female","Married","Travel_Rarely",2,1,"Life Sciences",1,4,1,4,2011,1,"No",13,3,4,1,10,5,3,10,5,7,7,"35-44","6-10 years","Under 3000","1-5","6+ years",0
1248,"Yes",19,"Research & Development","Research Scientist","Female","Single","Non-Travel",10,3,"Medical",1,2,1,2,1859,1,"Yes",25,4,2,0,1,2,4,1,1,0,0,"Under 25","1-2 years","Under 3000","6-10","0-1 years",1
1249,"No",29,"Research & Development","Research Scientist","Female","Divorced","Travel_Rarely",1,3,"Life Sciences",1,3,1,4,3760,1,"No",15,3,1,3,3,5,3,3,2,1,2,"25-34","3-5 years","3000-4999","1-5","0-1 years",0
1250,"No",54,"Research & Development","Research Director","Male","Married","Travel_Rarely",3,3,"Life Sciences",4,3,4,4,17779,3,"No",14,3,1,0,36,2,3,10,9,0,9,"45-54","6-10 years","10000+","1-5","0-1 years",0
1251,"No",31,"Research & Development","Healthcare Representative","Male","Married","Travel_Rarely",11,2,"Medical",3,3,2,1,6833,1,"Yes",12,3,4,0,6,2,2,6,5,0,1,"25-34","6-10 years","5000-6999","11-20","0-1 years",0
1252,"No",31,"Research & Development","Healthcare Representative","Female","Single","Travel_Rarely",24,3,"Medical",3,2,2,1,6812,1,"No",19,3,2,0,10,2,3,10,9,1,8,"25-34","6-10 years","5000-6999","21+","0-1 years",0
1254,"No",59,"Sales","Sales Executive","Female","Single","Travel_Rarely",3,3,"Life Sciences",3,2,2,4,5171,5,"No",17,3,4,0,13,2,3,6,1,0,5,"55+","6-10 years","5000-6999","1-5","0-1 years",0
1255,"No",43,"Research & Development","Research Director","Male","Married","Travel_Rarely",3,3,"Life Sciences",3,1,5,4,19740,3,"No",14,3,2,1,25,2,3,8,7,0,7,"35-44","6-10 years","10000+","1-5","0-1 years",0
1256,"No",49,"Research & Development","Manager","Male","Married","Travel_Rarely",4,2,"Medical",1,2,5,3,18711,2,"No",13,3,3,1,23,2,4,1,0,0,0,"45-54","1-2 years","10000+","1-5","0-1 years",0
1257,"No",36,"Research & Development","Research Scientist","Male","Married","Travel_Frequently",3,3,"Technical Degree",3,3,1,2,3692,1,"No",12,3,3,0,12,2,2,11,10,0,7,"35-44","10+ years","3000-4999","1-5","0-1 years",0
1258,"No",48,"Research & Development","Laboratory Technician","Male","Single","Travel_Rarely",2,2,"Technical Degree",4,4,1,2,2559,5,"No",11,3,3,0,7,4,2,1,0,0,0,"45-54","1-2 years","Under 3000","1-5","0-1 years",0
1259,"No",27,"Research & Development","Research Scientist","Male","Divorced","Travel_Rarely",4,2,"Life Sciences",1,3,1,3,2517,1,"No",11,3,2,3,5,2,3,5,3,0,3,"25-34","3-5 years","Under 3000","1-5","0-1 years",0
1260,"No",29,"Research & Development","Healthcare Representative","Male","Divorced","Travel_Rarely",7,3,"Life Sciences",3,3,2,4,6623,1,"Yes",11,3,2,2,6,2,3,6,0,1,0,"25-34","6-10 years","5000-6999","6-10","0-1 years",0
1263,"No",48,"Research & Development","Research Director","Male","Single","Travel_Rarely",1,3,"Life Sciences",4,2,5,4,18265,6,"No",12,3,3,0,25,3,4,1,0,0,0,"45-54","1-2 years","10000+","1-5","0-1 years",0
1264,"No",29,"Research & Development","Research Director","Female","Divorced","Travel_Rarely",1,3,"Life Sciences",4,2,4,4,16124,3,"No",14,3,2,2,9,2,2,7,7,1,7,"25-34","6-10 years","10000+","1-5","0-1 years",0
1265,"No",34,"Research & Development","Research Scientist","Female","Married","Travel_Rarely",20,3,"Technical Degree",3,4,1,3,2585,0,"No",17,3,4,0,2,5,2,1,0,0,0,"25-34","1-2 years","Under 3000","11-20","0-1 years",0
1267,"No",44,"Sales","Manager","Male","Married","Travel_Rarely",5,3,"Marketing",2,3,5,2,18213,7,"No",11,3,3,1,26,5,3,22,9,3,10,"35-44","10+ years","10000+","1-5","2-3 years",0
1268,"No",33,"Sales","Sales Executive","Male","Divorced","Travel_Rarely",10,5,"Marketing",4,4,3,3,8380,0,"Yes",14,3,4,2,10,3,3,9,8,0,8,"25-34","6-10 years","7000-9999","6-10","0-1 years",0
1269,"No",19,"Research & Development","Research Scientist","Female","Single","Travel_Rarely",25,3,"Life Sciences",2,4,1,4,2994,1,"Yes",12,3,4,0,1,2,3,1,0,0,1,"Under 25","1-2 years","Under 3000","21+","0-1 years",0
1270,"No",23,"Research & Development","Research Scientist","Male","Married","Travel_Rarely",1,2,"Life Sciences",4,3,1,3,1223,1,"No",22,4,4,1,1,2,3,1,0,0,1,"Under 25","1-2 years","Under 3000","1-5","0-1 years",0
1273,"Yes",25,"Sales","Sales Representative","Male","Single","Travel_Frequently",24,1,"Life Sciences",3,1,1,4,1118,1,"Yes",14,3,4,0,1,4,3,1,0,1,0,"25-34","1-2 years","Under 3000","21+","0-1 years",1
1275,"No",26,"Research & Development","Research Scientist","Male","Single","Travel_Rarely",4,2,"Life Sciences",3,3,1,4,2875,1,"Yes",20,4,2,0,8,2,2,8,5,2,2,"25-34","6-10 years","Under 3000","1-5","2-3 years",0
1277,"Yes",45,"Sales","Manager","Female","Single","Travel_Rarely",2,3,"Marketing",1,1,5,2,18824,2,"Yes",16,3,1,0,26,2,3,24,10,1,11,"45-54","10+ years","10000+","1-5","0-1 years",1
1278,"No",55,"Research & Development","Healthcare Representative","Male","Divorced","Non-Travel",8,1,"Medical",4,2,4,2,13577,1,"Yes",15,3,4,1,34,3,3,33,9,15,0,"55+","10+ years","10000+","6-10","6+ years",0
1279,"Yes",21,"Research & Development","Laboratory Technician","Female","Single","Travel_Frequently",10,2,"Life Sciences",1,2,1,3,2625,1,"No",20,4,3,0,2,2,1,2,2,2,2,"Under 25","1-2 years","Under 3000","6-10","2-3 years",1
1280,"No",46,"Sales","Manager","Female","Married","Travel_Rarely",4,2,"Marketing",4,2,5,2,18789,2,"No",14,3,3,1,26,2,3,11,4,0,8,"45-54","10+ years","10000+","1-5","0-1 years",0
1281,"No",34,"Sales","Sales Executive","Female","Single","Travel_Rarely",2,3,"Marketing",3,3,2,1,4538,0,"Yes",12,3,4,0,4,3,3,3,2,0,2,"25-34","3-5 years","3000-4999","1-5","0-1 years",0
1282,"No",51,"Sales","Manager","Male","Divorced","Travel_Frequently",9,3,"Life Sciences",4,3,5,2,19847,4,"Yes",24,4,1,1,31,5,2,29,10,11,10,"45-54","10+ years","10000+","6-10","6+ years",0
1283,"No",59,"Research & Development","Manufacturing Director","Male","Single","Travel_Rarely",18,4,"Medical",4,3,3,4,10512,6,"No",12,3,4,0,25,6,2,9,7,5,4,"55+","6-10 years","10000+","11-20","4-5 years",0
1285,"No",34,"Research & Development","Laboratory Technician","Female","Divorced","Travel_Frequently",19,3,"Medical",3,3,2,2,4444,4,"No",13,3,3,2,15,2,4,11,8,5,10,"25-34","10+ years","3000-4999","11-20","4-5 years",0
1286,"No",28,"Research & Development","Laboratory Technician","Male","Single","Travel_Frequently",1,4,"Medical",4,3,1,3,2154,0,"Yes",11,3,3,0,5,2,2,4,2,0,2,"25-34","3-5 years","Under 3000","1-5","0-1 years",0
1288,"No",44,"Research & Development","Manager","Male","Divorced","Travel_Rarely",4,2,"Life Sciences",3,4,5,1,19190,1,"No",14,3,4,2,26,4,2,25,9,14,13,"35-44","10+ years","10000+","1-5","6+ years",0
1289,"No",34,"Human Resources","Human Resources","Male","Married","Travel_Frequently",11,3,"Life Sciences",3,2,2,2,4490,4,"No",11,3,4,2,14,5,4,10,9,1,8,"25-34","6-10 years","3000-4999","11-20","0-1 years",0
1291,"No",35,"Research & Development","Research Scientist","Male","Married","Travel_Rarely",6,1,"Life Sciences",3,3,1,3,3506,0,"Yes",14,3,4,0,4,3,3,3,2,2,2,"35-44","3-5 years","3000-4999","6-10","2-3 years",0
1292,"No",42,"Research & Development","Research Scientist","Female","Married","Travel_Rarely",7,4,"Medical",2,4,2,2,2372,6,"Yes",16,3,4,0,18,2,3,1,0,0,0,"35-44","1-2 years","Under 3000","6-10","0-1 years",0
1293,"No",43,"Sales","Sales Executive","Female","Single","Travel_Rarely",4,4,"Marketing",4,2,3,4,10231,3,"No",14,3,4,0,23,3,4,21,7,15,17,"35-44","10+ years","10000+","1-5","6+ years",0
1294,"No",36,"Research & Development","Manufacturing Director","Female","Single","Travel_Rarely",2,4,"Life Sciences",3,3,2,2,5410,9,"Yes",11,3,4,0,18,2,3,16,14,5,12,"35-44","10+ years","5000-6999","1-5","4-5 years",0
1295,"Yes",44,"Research & Development","Healthcare Representative","Female","Married","Travel_Rarely",15,3,"Medical",1,3,3,4,7978,1,"No",11,3,4,1,10,2,3,10,7,0,5,"35-44","6-10 years","7000-9999","11-20","0-1 years",1
1296,"No",28,"Research & Development","Laboratory Technician","Male","Married","Travel_Frequently",2,3,"Life Sciences",4,2,1,4,3867,1,"Yes",12,3,2,1,2,2,3,2,2,2,2,"25-34","1-2 years","3000-4999","1-5","2-3 years",0
1297,"No",51,"Research & Development","Laboratory Technician","Female","Single","Travel_Frequently",6,2,"Medical",2,2,1,3,2838,0,"No",14,3,2,0,8,6,2,7,0,7,7,"45-54","6-10 years","Under 3000","6-10","6+ years",0
1298,"No",30,"Research & Development","Manufacturing Director","Female","Single","Non-Travel",9,2,"Medical",3,3,2,3,4695,7,"Yes",18,3,3,0,10,3,3,8,4,1,7,"25-34","6-10 years","3000-4999","6-10","0-1 years",0
1299,"Yes",29,"Research & Development","Laboratory Technician","Female","Divorced","Travel_Rarely",7,3,"Technical Degree",2,3,1,3,3339,3,"Yes",13,3,1,2,10,2,3,7,7,7,7,"25-34","6-10 years","3000-4999","6-10","6+ years",1
1301,"No",28,"Research & Development","Research Scientist","Male","Single","Travel_Rarely",1,3,"Technical Degree",4,3,1,1,2080,2,"No",11,3,2,0,5,2,2,3,2,1,2,"25-34","3-5 years","Under 3000","1-5","0-1 years",0
1303,"No",25,"Research & Development","Research Scientist","Female","Single","Travel_Rarely",1,3,"Medical",4,3,1,2,2096,1,"No",18,3,4,0,2,3,2,2,2,2,1,"25-34","1-2 years","Under 3000","1-5","2-3 years",0
1304,"No",32,"Sales","Sales Executive","Male","Married","Travel_Rarely",8,3,"Medical",3,4,2,4,6209,1,"No",15,3,3,2,10,4,4,10,7,0,8,"25-34","6-10 years","5000-6999","6-10","0-1 years",0
1306,"No",45,"Research & Development","Manager","Female","Single","Travel_Frequently",25,3,"Medical",2,3,5,2,18061,3,"No",22,4,3,0,22,4,3,0,0,0,0,"45-54","Under 1 year","10000+","21+","0-1 years",0
1307,"No",39,"Research & Development","Manager","Female","Divorced","Travel_Rarely",13,4,"Medical",3,2,4,2,17123,6,"Yes",13,3,4,2,21,4,3,19,9,15,2,"35-44","10+ years","10000+","11-20","6+ years",0
1308,"No",58,"Research & Development","Research Scientist","Male","Divorced","Travel_Rarely",23,4,"Life Sciences",1,3,1,3,2372,1,"No",12,3,4,2,2,3,3,2,2,2,2,"55+","1-2 years","Under 3000","21+","2-3 years",0
1309,"Yes",32,"Research & Development","Laboratory Technician","Male","Married","Travel_Rarely",7,2,"Life Sciences",4,3,2,3,4883,1,"No",18,3,1,1,10,3,3,10,4,1,1,"25-34","6-10 years","3000-4999","6-10","0-1 years",1
1310,"Yes",39,"Research & Development","Research Scientist","Male","Single","Travel_Rarely",23,3,"Medical",3,3,1,1,3904,0,"No",13,3,1,0,6,2,3,5,2,0,3,"35-44","3-5 years","3000-4999","21+","0-1 years",1
1311,"No",30,"Research & Development","Laboratory Technician","Female","Married","Travel_Rarely",6,3,"Technical Degree",1,2,2,4,4627,0,"No",12,3,1,1,10,6,3,9,2,6,7,"25-34","6-10 years","3000-4999","6-10","6+ years",0
1312,"No",36,"Research & Development","Healthcare Representative","Female","Married","Travel_Rarely",10,4,"Technical Degree",4,3,3,3,7094,3,"No",12,3,1,0,10,0,3,7,7,1,7,"35-44","6-10 years","7000-9999","6-10","0-1 years",0
1314,"No",46,"Human Resources","Human Resources","Female","Single","Travel_Rarely",1,2,"Life Sciences",4,3,1,1,3423,6,"No",12,3,3,0,10,3,4,7,6,5,7,"45-54","6-10 years","3000-4999","1-5","4-5 years",0
1315,"No",28,"Research & Development","Laboratory Technician","Female","Married","Non-Travel",1,3,"Life Sciences",3,1,2,4,6674,0,"No",11,3,1,3,10,6,3,9,8,7,5,"25-34","6-10 years","5000-6999","1-5","6+ years",0
1317,"No",50,"Research & Development","Research Director","Female","Married","Travel_Rarely",28,3,"Life Sciences",4,3,4,1,16880,4,"Yes",11,3,2,0,25,2,3,3,2,1,2,"45-54","3-5 years","10000+","21+","0-1 years",0
1318,"Yes",40,"Sales","Sales Executive","Male","Single","Travel_Rarely",25,4,"Marketing",4,2,3,2,9094,2,"Yes",12,3,3,0,9,2,3,5,4,1,0,"35-44","3-5 years","7000-9999","21+","0-1 years",1
1319,"Yes",52,"Sales","Sales Executive","Male","Single","Travel_Rarely",5,3,"Life Sciences",2,3,3,2,8446,9,"Yes",19,3,3,0,10,2,2,8,7,7,7,"45-54","6-10 years","7000-9999","1-5","6+ years",1
1321,"No",30,"Research & Development","Manager","Female","Married","Travel_Rarely",17,4,"Medical",2,3,3,1,11916,1,"Yes",23,4,4,2,9,2,3,9,1,0,8,"25-34","6-10 years","10000+","11-20","0-1 years",0
1322,"No",39,"Research & Development","Manufacturing Director","Male","Single","Travel_Rarely",18,2,"Life Sciences",1,3,2,3,4534,0,"No",11,3,1,0,9,6,3,8,7,1,7,"35-44","6-10 years","3000-4999","11-20","0-1 years",0
1324,"No",31,"Sales","Sales Executive","Female","Divorced","Non-Travel",2,4,"Life Sciences",4,3,3,3,9852,1,"Yes",19,3,1,1,10,5,2,10,8,9,6,"25-34","6-10 years","7000-9999","1-5","6+ years",0
1329,"No",41,"Sales","Sales Executive","Male","Single","Non-Travel",10,2,"Medical",3,1,2,2,6151,1,"No",13,3,1,0,19,4,3,19,2,11,9,"35-44","10+ years","5000-6999","6-10","6+ years",0
1331,"Yes",31,"Sales","Sales Representative","Female","Single","Travel_Frequently",1,3,"Life Sciences",4,3,1,2,2302,1,"Yes",11,3,1,0,3,2,4,3,2,2,2,"25-34","3-5 years","Under 3000","1-5","2-3 years",1
1333,"Yes",44,"Research & Development","Laboratory Technician","Male","Married","Travel_Rarely",3,3,"Life Sciences",1,3,1,1,2362,4,"No",12,3,3,0,10,4,4,3,2,1,2,"35-44","3-5 years","Under 3000","1-5","0-1 years",1
1334,"No",42,"Research & Development","Manager","Male","Married","Non-Travel",2,1,"Life Sciences",3,3,4,3,17861,0,"Yes",13,3,4,0,21,3,2,20,8,2,10,"35-44","10+ years","10000+","1-5","2-3 years",0
1336,"No",55,"Research & Development","Manager","Female","Married","Travel_Rarely",2,2,"Medical",4,1,5,3,19187,4,"No",14,3,4,1,23,5,3,19,9,9,11,"55+","10+ years","10000+","1-5","6+ years",0
1338,"No",56,"Human Resources","Manager","Male","Single","Travel_Rarely",8,4,"Life Sciences",4,3,5,2,19717,6,"No",14,3,1,0,36,4,3,7,3,7,7,"55+","6-10 years","10000+","6-10","6+ years",0
1340,"No",40,"Research & Development","Research Scientist","Male","Divorced","Non-Travel",16,2,"Life Sciences",3,3,1,3,3544,9,"No",16,3,2,1,6,0,3,4,2,0,0,"35-44","3-5 years","3000-4999","11-20","0-1 years",0
1344,"No",34,"Research & Development","Healthcare Representative","Male","Divorced","Travel_Rarely",9,3,"Life Sciences",4,3,3,4,8500,0,"No",11,3,4,1,10,0,2,9,7,1,6,"25-34","6-10 years","7000-9999","6-10","0-1 years",0
1346,"No",40,"Research & Development","Research Scientist","Male","Single","Travel_Rarely",2,3,"Life Sciences",3,3,2,4,4661,1,"No",13,3,3,0,9,4,3,9,8,8,8,"35-44","6-10 years","3000-4999","1-5","6+ years",0
1349,"No",41,"Sales","Sales Executive","Female","Divorced","Travel_Frequently",1,3,"Marketing",3,3,2,1,4103,0,"No",17,3,4,1,10,2,3,9,3,1,7,"35-44","6-10 years","3000-4999","1-5","0-1 years",0
1350,"No",35,"Research & Development","Research Scientist","Male","Single","Travel_Frequently",4,4,"Life Sciences",3,3,2,3,4249,1,"Yes",11,3,2,0,9,3,3,9,6,1,1,"35-44","6-10 years","3000-4999","1-5","0-1 years",0
1352,"No",51,"Human Resources","Manager","Male","Divorced","Travel_Rarely",5,3,"Life Sciences",3,3,4,2,14026,1,"Yes",11,3,2,1,33,2,3,33,9,0,10,"45-54","10+ years","10000+","1-5","0-1 years",0
1355,"No",38,"Sales","Sales Executive","Female","Divorced","Travel_Rarely",2,2,"Life Sciences",2,3,2,1,6893,3,"No",15,3,4,1,11,3,3,7,7,1,7,"35-44","6-10 years","5000-6999","1-5","0-1 years",0
1356,"No",34,"Sales","Sales Executive","Female","Single","Travel_Rarely",15,2,"Medical",3,3,2,1,6125,1,"No",12,3,4,0,10,6,4,10,8,9,6,"25-34","6-10 years","5000-6999","11-20","6+ years",0
1358,"No",25,"Research & Development","Laboratory Technician","Male","Married","Travel_Rarely",19,1,"Medical",4,3,1,4,3669,3,"No",11,3,3,3,7,6,2,3,2,1,2,"25-34","3-5 years","3000-4999","11-20","0-1 years",0
1360,"Yes",58,"Research & Development","Manufacturing Director","Female","Married","Travel_Rarely",7,4,"Medical",3,2,3,1,10008,7,"Yes",14,3,4,0,31,0,2,10,9,5,9,"55+","6-10 years","10000+","6-10","4-5 years",1
1361,"No",40,"Research & Development","Laboratory Technician","Male","Married","Travel_Rarely",1,4,"Life Sciences",2,3,1,2,2387,3,"No",22,4,3,1,7,3,3,4,2,0,3,"35-44","3-5 years","Under 3000","1-5","0-1 years",0
1362,"No",36,"Sales","Sales Executive","Female","Married","Travel_Frequently",7,3,"Marketing",1,4,2,1,4639,2,"No",16,3,4,1,17,2,2,15,7,6,13,"35-44","10+ years","3000-4999","6-10","6+ years",0
1363,"No",48,"Research & Development","Manufacturing Director","Male","Single","Travel_Rarely",4,3,"Life Sciences",4,3,3,4,7898,1,"No",11,3,3,0,11,2,3,10,9,0,8,"45-54","6-10 years","7000-9999","1-5","0-1 years",0
1364,"No",27,"Sales","Sales Representative","Female","Married","Travel_Rarely",11,3,"Medical",3,4,1,4,2534,8,"No",14,3,2,1,5,4,3,1,0,0,0,"25-34","1-2 years","Under 3000","11-20","0-1 years",0
1367,"No",51,"Research & Development","Manufacturing Director","Female","Single","Travel_Rarely",11,2,"Technical Degree",4,2,4,2,13142,3,"No",16,3,2,0,29,1,2,5,2,0,3,"45-54","3-5 years","10000+","11-20","0-1 years",0
1368,"No",18,"Research & Development","Laboratory Technician","Female","Single","Non-Travel",1,3,"Life Sciences",4,3,1,4,1611,1,"No",15,3,3,0,0,5,4,0,0,0,0,"Under 25","Under 1 year","Under 3000","1-5","0-1 years",0
1369,"No",35,"Research & Development","Laboratory Technician","Female","Married","Travel_Rarely",1,3,"Medical",4,2,2,4,5363,0,"No",12,3,2,1,10,0,3,9,7,0,0,"35-44","6-10 years","5000-6999","1-5","0-1 years",0
1371,"No",27,"Sales","Sales Executive","Male","Single","Travel_Frequently",2,1,"Life Sciences",4,1,2,4,5071,3,"No",20,4,2,0,8,3,3,6,2,0,0,"25-34","6-10 years","5000-6999","1-5","0-1 years",0
1372,"Yes",55,"Sales","Sales Executive","Male","Single","Travel_Rarely",13,4,"Marketing",1,4,4,3,13695,6,"Yes",17,3,3,0,24,2,2,19,7,3,8,"55+","10+ years","10000+","11-20","2-3 years",1
1373,"No",56,"Research & Development","Manufacturing Director","Male","Married","Travel_Rarely",23,3,"Life Sciences",4,3,4,2,13402,4,"Yes",12,3,1,1,33,0,3,19,16,15,9,"55+","10+ years","10000+","21+","6+ years",0
1374,"No",34,"Research & Development","Research Scientist","Female","Divorced","Non-Travel",26,1,"Technical Degree",1,2,1,3,2029,1,"No",20,4,3,3,5,2,3,5,4,0,0,"25-34","3-5 years","Under 3000","21+","0-1 years",0
1375,"No",40,"Research & Development","Healthcare Representative","Female","Divorced","Travel_Rarely",2,1,"Medical",2,4,2,3,6377,5,"No",20,4,2,3,15,0,3,12,11,11,8,"35-44","10+ years","5000-6999","1-5","6+ years",0
1377,"No",34,"Research & Development","Laboratory Technician","Male","Married","Travel_Rarely",29,3,"Medical",2,3,2,3,5429,4,"No",13,3,1,2,10,1,3,8,7,7,7,"25-34","6-10 years","5000-6999","21+","6+ years",0
1379,"Yes",31,"Sales","Sales Representative","Female","Single","Travel_Frequently",2,3,"Life Sciences",3,2,1,4,2785,7,"No",14,3,3,0,3,3,4,1,0,0,0,"25-34","1-2 years","Under 3000","1-5","0-1 years",1
1380,"Yes",35,"Sales","Sales Executive","Female","Married","Travel_Frequently",18,4,"Marketing",4,3,2,3,4614,0,"Yes",18,3,3,1,5,0,2,4,2,3,2,"35-44","3-5 years","3000-4999","11-20","2-3 years",1
1382,"No",38,"Research & Development","Research Scientist","Male","Divorced","Travel_Frequently",7,3,"Life Sciences",4,4,1,3,2610,1,"No",11,3,4,3,4,2,3,4,2,0,3,"35-44","3-5 years","Under 3000","6-10","0-1 years",0
1383,"No",34,"Research & Development","Healthcare Representative","Female","Single","Travel_Rarely",2,4,"Technical Degree",3,3,2,4,6687,1,"No",11,3,4,0,14,2,4,14,11,4,11,"25-34","10+ years","5000-6999","1-5","4-5 years",0
1387,"No",28,"Sales","Sales Executive","Male","Married","Travel_Rarely",26,3,"Life Sciences",3,2,2,1,4724,1,"No",11,3,3,1,5,0,3,5,3,0,4,"25-34","3-5 years","3000-4999","21+","0-1 years",0
1389,"Yes",31,"Research & Development","Manufacturing Director","Male","Married","Travel_Rarely",22,4,"Medical",4,3,2,3,6179,1,"Yes",15,3,4,2,10,3,2,10,2,6,7,"25-34","6-10 years","5000-6999","21+","6+ years",1
1390,"No",39,"Sales","Sales Executive","Male","Married","Travel_Rarely",21,4,"Life Sciences",1,2,2,4,6120,3,"Yes",12,3,4,2,8,2,4,5,4,1,4,"35-44","3-5 years","5000-6999","21+","0-1 years",0
1391,"No",51,"Sales","Sales Executive","Male","Married","Travel_Frequently",2,3,"Marketing",2,3,3,2,10596,2,"No",11,3,2,0,14,5,3,4,2,3,2,"45-54","3-5 years","10000+","1-5","2-3 years",0
1392,"No",41,"Research & Development","Research Scientist","Female","Divorced","Travel_Frequently",22,3,"Life Sciences",4,3,2,4,5467,3,"Yes",14,3,1,2,12,4,2,6,2,3,3,"35-44","6-10 years","5000-6999","21+","2-3 years",0
1394,"No",37,"Research & Development","Research Scientist","Male","Married","Travel_Rarely",4,1,"Life Sciences",3,3,1,3,2996,7,"Yes",15,3,4,0,8,2,3,6,4,1,3,"35-44","6-10 years","Under 3000","1-5","0-1 years",0
1395,"No",33,"Sales","Sales Executive","Male","Married","Travel_Frequently",5,1,"Life Sciences",2,3,2,4,9998,6,"No",13,3,1,0,8,2,4,5,4,1,2,"25-34","3-5 years","7000-9999","1-5","0-1 years",0
1396,"No",32,"Sales","Sales Executive","Male","Married","Travel_Rarely",2,1,"Marketing",3,3,2,2,4078,0,"Yes",13,3,1,3,4,3,2,3,2,1,2,"25-34","3-5 years","3000-4999","1-5","0-1 years",0
1397,"No",39,"Research & Development","Healthcare Representative","Male","Married","Non-Travel",25,2,"Life Sciences",3,3,3,3,10920,3,"No",21,4,2,1,13,2,3,6,4,0,5,"35-44","6-10 years","10000+","21+","0-1 years",0
1399,"No",25,"Sales","Sales Executive","Male","Married","Travel_Rarely",18,1,"Life Sciences",1,4,2,3,6232,2,"No",11,3,2,0,6,3,2,3,2,1,2,"25-34","3-5 years","5000-6999","11-20","0-1 years",0
1401,"No",52,"Research & Development","Manufacturing Director","Female","Married","Travel_Frequently",28,2,"Medical",4,4,4,3,13247,2,"Yes",11,3,2,1,24,3,2,5,3,0,2,"45-54","3-5 years","10000+","21+","0-1 years",0
1402,"No",43,"Research & Development","Research Scientist","Female","Single","Travel_Rarely",6,3,"Medical",1,2,2,3,4081,1,"Yes",14,3,1,0,20,3,1,20,7,1,8,"35-44","10+ years","3000-4999","6-10","0-1 years",0
1403,"No",27,"Sales","Sales Executive","Female","Married","Travel_Rarely",10,3,"Marketing",4,2,2,4,5769,1,"Yes",11,3,4,0,6,3,3,6,2,4,4,"25-34","6-10 years","5000-6999","6-10","4-5 years",0
1405,"Yes",27,"Research & Development","Research Scientist","Female","Single","Travel_Rarely",17,4,"Life Sciences",4,3,1,3,2394,1,"Yes",13,3,4,0,8,2,3,8,2,7,7,"25-34","6-10 years","Under 3000","11-20","6+ years",1
1407,"No",26,"Research & Development","Research Scientist","Male","Single","Travel_Rarely",2,1,"Medical",1,2,1,4,3904,0,"No",12,3,4,0,5,2,3,4,3,1,1,"25-34","3-5 years","3000-4999","1-5","0-1 years",0
1408,"No",42,"Human Resources","Manager","Female","Married","Travel_Rarely",10,3,"Human Resources",3,3,4,1,16799,0,"No",14,3,3,1,21,5,3,20,7,0,9,"35-44","10+ years","10000+","6-10","0-1 years",0
1409,"No",52,"Research & Development","Laboratory Technician","Female","Married","Travel_Rarely",8,4,"Other",3,3,1,1,2950,9,"No",13,3,3,0,12,2,1,5,4,0,4,"45-54","3-5 years","Under 3000","6-10","0-1 years",0
1411,"No",37,"Research & Development","Laboratory Technician","Female","Single","Travel_Rarely",11,3,"Medical",1,3,1,3,3629,4,"No",18,3,1,0,8,6,3,3,2,0,2,"35-44","3-5 years","3000-4999","11-20","0-1 years",0
1412,"No",35,"Research & Development","Manufacturing Director","Male","Single","Travel_Frequently",18,2,"Life Sciences",3,3,3,4,9362,2,"No",11,3,3,0,10,2,3,2,2,2,2,"35-44","1-2 years","7000-9999","11-20","2-3 years",0
1415,"No",25,"Research & Development","Laboratory Technician","Male","Married","Travel_Rarely",1,3,"Technical Degree",1,3,1,4,3229,4,"No",11,3,2,1,7,2,2,3,2,0,2,"25-34","3-5 years","3000-4999","1-5","0-1 years",0
1417,"No",26,"Research & Development","Laboratory Technician","Male","Single","Travel_Rarely",7,3,"Other",3,4,1,1,3578,0,"No",12,3,4,0,8,2,3,7,7,0,7,"25-34","6-10 years","3000-4999","6-10","0-1 years",0
1419,"No",29,"Human Resources","Human Resources","Male","Single","Travel_Rarely",17,3,"Other",2,2,3,1,7988,1,"No",13,3,1,0,10,3,2,10,9,0,9,"25-34","6-10 years","7000-9999","11-20","0-1 years",0
1420,"Yes",49,"Research & Development","Laboratory Technician","Male","Single","Travel_Frequently",28,2,"Life Sciences",1,2,2,1,4284,3,"No",20,4,1,0,20,2,3,4,3,1,3,"45-54","3-5 years","3000-4999","21+","0-1 years",1
1421,"Yes",29,"Research & Development","Healthcare Representative","Female","Single","Travel_Frequently",14,1,"Other",3,3,3,4,7553,0,"Yes",12,3,1,0,9,1,3,8,7,7,7,"25-34","6-10 years","7000-9999","11-20","6+ years",1
1422,"No",54,"Research & Development","Research Director","Female","Single","Travel_Rarely",1,3,"Medical",4,3,4,4,17328,6,"No",19,3,4,0,29,3,2,20,7,12,7,"45-54","10+ years","10000+","1-5","6+ years",0
1423,"No",58,"Research & Development","Research Director","Female","Married","Travel_Rarely",1,3,"Medical",4,3,5,1,19701,3,"Yes",21,4,3,1,32,3,3,9,8,1,5,"55+","6-10 years","10000+","1-5","0-1 years",0
1424,"No",55,"Research & Development","Research Director","Male","Divorced","Travel_Rarely",1,4,"Medical",2,4,4,4,14732,2,"No",13,3,4,2,31,4,4,7,7,0,0,"55+","6-10 years","10000+","1-5","0-1 years",0
1425,"No",36,"Sales","Sales Executive","Female","Single","Travel_Rarely",3,4,"Marketing",1,3,2,2,9278,3,"Yes",16,3,4,0,15,3,3,5,4,0,1,"35-44","3-5 years","7000-9999","1-5","0-1 years",0
1427,"Yes",31,"Sales","Sales Representative","Female","Single","Travel_Frequently",1,4,"Life Sciences",2,1,1,3,1359,1,"No",12,3,2,0,1,3,3,1,0,0,0,"25-34","1-2 years","Under 3000","1-5","0-1 years",1
1428,"No",30,"Sales","Sales Executive","Female","Divorced","Travel_Rarely",7,4,"Marketing",4,3,2,1,4779,7,"No",14,3,2,2,8,3,3,3,2,0,2,"25-34","3-5 years","3000-4999","6-10","0-1 years",0
1430,"No",31,"Research & Development","Research Director","Female","Single","Travel_Rarely",8,5,"Life Sciences",1,3,4,2,16422,3,"No",11,3,3,0,9,3,4,3,2,1,0,"25-34","3-5 years","10000+","6-10","0-1 years",0
1431,"No",34,"Research & Development","Research Scientist","Male","Divorced","Travel_Frequently",1,4,"Other",4,3,1,1,2996,5,"No",14,3,3,2,10,2,3,4,3,1,3,"25-34","3-5 years","Under 3000","1-5","0-1 years",0
1433,"Yes",31,"Research & Development","Research Scientist","Female","Single","Travel_Rarely",8,3,"Life Sciences",1,2,1,2,1261,1,"No",12,3,3,0,1,3,4,1,0,0,0,"25-34","1-2 years","Under 3000","6-10","0-1 years",1
1434,"No",27,"Research & Development","Laboratory Technician","Male","Married","Travel_Rarely",11,1,"Life Sciences",2,3,1,1,2099,0,"No",14,3,2,0,6,3,4,5,0,1,4,"25-34","3-5 years","Under 3000","11-20","0-1 years",0
1435,"No",36,"Research & Development","Laboratory Technician","Male","Single","Travel_Rarely",4,4,"Life Sciences",1,2,2,4,5810,1,"No",16,3,3,0,10,2,2,10,4,1,8,"35-44","6-10 years","5000-6999","1-5","0-1 years",0
1436,"No",36,"Sales","Sales Executive","Female","Married","Travel_Rarely",16,4,"Marketing",3,2,2,1,5647,4,"No",13,3,1,2,11,3,2,3,2,0,2,"35-44","3-5 years","5000-6999","11-20","0-1 years",0
1438,"No",47,"Research & Development","Research Scientist","Male","Married","Travel_Rarely",1,3,"Technical Degree",1,3,1,4,3420,7,"No",12,3,3,1,17,2,2,6,5,1,2,"45-54","6-10 years","3000-4999","1-5","0-1 years",0
1439,"Yes",25,"Sales","Sales Representative","Male","Married","Travel_Rarely",9,2,"Life Sciences",1,2,1,1,4400,3,"No",12,3,1,0,6,2,3,3,2,2,2,"25-34","3-5 years","3000-4999","6-10","2-3 years",1
1440,"No",37,"Research & Development","Laboratory Technician","Male","Single","Non-Travel",5,2,"Technical Degree",3,4,1,3,3500,0,"No",14,3,1,0,7,2,1,6,5,1,3,"35-44","6-10 years","3000-4999","1-5","0-1 years",0
1441,"No",56,"Research & Development","Research Scientist","Female","Married","Travel_Rarely",1,2,"Life Sciences",1,3,1,1,2066,2,"No",22,4,4,1,5,3,4,3,2,1,0,"55+","3-5 years","Under 3000","1-5","0-1 years",0
1443,"No",47,"Research & Development","Research Director","Female","Married","Travel_Rarely",2,4,"Medical",1,3,4,3,17169,3,"No",19,3,2,2,26,2,4,20,17,5,6,"45-54","10+ years","10000+","1-5","4-5 years",0
1445,"No",24,"Sales","Sales Executive","Female","Married","Travel_Rarely",4,1,"Medical",4,3,2,3,4162,1,"Yes",12,3,3,2,5,3,3,5,4,0,3,"Under 25","3-5 years","3000-4999","1-5","0-1 years",0
1446,"No",32,"Sales","Sales Executive","Male","Married","Travel_Rarely",7,5,"Marketing",4,3,2,4,9204,4,"No",12,3,3,1,7,3,2,4,3,0,3,"25-34","3-5 years","7000-9999","6-10","0-1 years",0
1447,"No",34,"Research & Development","Laboratory Technician","Female","Married","Travel_Rarely",1,3,"Life Sciences",4,2,1,2,3294,5,"No",17,3,1,1,7,2,2,5,4,0,2,"25-34","3-5 years","3000-4999","1-5","0-1 years",0
1448,"No",41,"Research & Development","Research Scientist","Male","Married","Travel_Rarely",5,5,"Medical",2,4,1,3,2127,2,"Yes",12,3,1,0,7,5,2,4,2,0,3,"35-44","3-5 years","Under 3000","1-5","0-1 years",0
1449,"No",40,"Research & Development","Laboratory Technician","Male","Divorced","Non-Travel",9,4,"Other",3,3,2,3,3975,3,"No",11,3,3,2,11,2,4,8,7,0,7,"35-44","6-10 years","3000-4999","6-10","0-1 years",0
1453,"No",31,"Sales","Sales Executive","Male","Divorced","Travel_Rarely",8,2,"Life Sciences",1,3,3,4,10793,1,"No",18,3,1,1,13,5,3,13,7,9,9,"25-34","10+ years","10000+","6-10","6+ years",0
1457,"Yes",46,"Sales","Sales Executive","Male","Divorced","Travel_Rarely",9,3,"Marketing",1,3,3,4,10096,4,"No",11,3,1,1,28,1,4,7,7,4,3,"45-54","6-10 years","10000+","6-10","4-5 years",1
1458,"Yes",39,"Research & Development","Laboratory Technician","Female","Single","Non-Travel",2,3,"Life Sciences",1,2,1,1,3646,2,"Yes",23,4,2,0,11,2,4,1,0,0,0,"35-44","1-2 years","3000-4999","1-5","0-1 years",1
1459,"Yes",31,"Research & Development","Manufacturing Director","Female","Single","Travel_Frequently",1,5,"Life Sciences",3,4,3,2,7446,1,"No",11,3,1,0,10,2,3,10,8,4,7,"25-34","6-10 years","7000-9999","1-5","4-5 years",1
1460,"No",45,"Research & Development","Healthcare Representative","Male","Divorced","Travel_Rarely",20,3,"Medical",2,1,3,1,10851,2,"Yes",18,3,2,1,24,2,3,7,7,0,7,"45-54","6-10 years","10000+","11-20","0-1 years",0
1461,"No",31,"Human Resources","Human Resources","Female","Single","Travel_Rarely",8,2,"Medical",4,4,1,2,2109,9,"No",18,3,4,0,8,3,3,3,2,0,2,"25-34","3-5 years","Under 3000","6-10","0-1 years",0
1464,"Yes",31,"Research & Development","Laboratory Technician","Male","Married","Travel_Frequently",2,3,"Life Sciences",2,3,1,4,3722,6,"Yes",13,3,3,1,7,2,1,2,2,2,2,"25-34","1-2 years","3000-4999","1-5","2-3 years",1
1465,"No",45,"Research & Development","Manufacturing Director","Male","Married","Travel_Rarely",29,3,"Technical Degree",2,3,3,4,9380,4,"Yes",18,3,4,2,10,4,4,3,1,1,2,"45-54","3-5 years","7000-9999","21+","0-1 years",0
1466,"No",48,"Sales","Sales Executive","Male","Divorced","Travel_Rarely",7,3,"Marketing",3,3,2,1,5486,4,"No",11,3,1,3,15,3,3,2,2,2,2,"45-54","1-2 years","5000-6999","6-10","2-3 years",0
1467,"Yes",34,"Human Resources","Human Resources","Female","Married","Travel_Rarely",9,4,"Technical Degree",1,3,1,3,2742,1,"No",15,3,4,0,2,0,3,2,2,2,2,"25-34","1-2 years","Under 3000","6-10","2-3 years",1
1468,"No",40,"Research & Development","Research Director","Male","Divorced","Non-Travel",8,1,"Medical",4,2,3,2,13757,2,"No",11,3,3,1,16,5,3,9,8,4,8,"35-44","6-10 years","10000+","6-10","4-5 years",0
1469,"No",28,"Sales","Sales Executive","Male","Single","Travel_Rarely",5,3,"Medical",4,3,2,1,8463,0,"No",18,3,4,0,6,4,3,5,4,1,3,"25-34","3-5 years","7000-9999","1-5","0-1 years",0
1471,"No",44,"Research & Development","Laboratory Technician","Male","Single","Non-Travel",5,3,"Life Sciences",3,2,1,3,3162,3,"No",14,3,4,0,7,5,3,5,2,0,3,"35-44","3-5 years","3000-4999","1-5","0-1 years",0
1472,"No",53,"Research & Development","Research Director","Male","Single","Travel_Rarely",2,3,"Medical",4,4,4,2,16598,4,"No",12,3,2,0,35,2,2,9,8,8,8,"45-54","6-10 years","10000+","1-5","6+ years",0
1473,"No",49,"Research & Development","Healthcare Representative","Male","Married","Travel_Rarely",5,4,"Technical Degree",1,3,2,3,6651,2,"No",14,3,2,1,20,0,2,3,2,1,2,"45-54","3-5 years","5000-6999","1-5","0-1 years",0
1474,"No",40,"Research & Development","Research Scientist","Male","Divorced","Travel_Rarely",2,3,"Medical",3,3,1,3,2345,2,"No",14,3,3,1,8,3,4,3,1,1,2,"35-44","3-5 years","Under 3000","1-5","0-1 years",0
1475,"No",44,"Research & Development","Research Scientist","Male","Single","Travel_Rarely",20,3,"Life Sciences",4,3,1,2,3420,1,"No",13,3,3,0,6,3,2,5,2,1,3,"35-44","3-5 years","3000-4999","11-20","0-1 years",0
1477,"No",33,"Sales","Sales Executive","Male","Married","Travel_Frequently",7,3,"Medical",4,3,2,1,4373,0,"No",14,3,1,2,5,2,3,4,3,0,3,"25-34","3-5 years","3000-4999","6-10","0-1 years",0
1478,"No",34,"Sales","Sales Executive","Male","Single","Travel_Rarely",3,3,"Other",4,1,2,1,4759,3,"No",18,3,4,0,15,2,3,13,9,3,12,"25-34","10+ years","3000-4999","1-5","2-3 years",0
1479,"No",30,"Sales","Sales Executive","Male","Married","Travel_Rarely",16,1,"Life Sciences",4,3,2,3,5301,8,"No",15,3,3,2,4,2,2,2,1,2,2,"25-34","1-2 years","5000-6999","11-20","2-3 years",0
1480,"No",42,"Research & Development","Laboratory Technician","Female","Single","Travel_Frequently",9,2,"Medical",1,3,1,4,3673,1,"No",13,3,3,0,12,3,3,12,9,5,8,"35-44","10+ years","3000-4999","6-10","4-5 years",0
1481,"No",44,"Sales","Sales Executive","Female","Married","Travel_Frequently",1,5,"Marketing",1,3,2,3,4768,7,"No",12,3,3,1,11,4,2,1,0,0,0,"35-44","1-2 years","3000-4999","1-5","0-1 years",0
1482,"No",30,"Research & Development","Research Scientist","Male","Divorced","Non-Travel",7,3,"Technical Degree",3,3,1,3,1274,1,"No",13,3,2,2,1,2,2,1,0,0,0,"25-34","1-2 years","Under 3000","6-10","0-1 years",0
1483,"No",57,"Research & Development","Research Scientist","Male","Married","Travel_Rarely",1,2,"Life Sciences",2,4,2,3,4900,0,"No",24,4,1,1,13,2,2,12,9,2,8,"55+","10+ years","3000-4999","1-5","2-3 years",0
1484,"No",49,"Research & Development","Healthcare Representative","Male","Divorced","Travel_Rarely",7,4,"Life Sciences",3,3,3,2,10466,3,"No",14,3,2,2,29,3,3,8,7,0,7,"45-54","6-10 years","10000+","6-10","0-1 years",0
1485,"No",34,"Research & Development","Research Director","Male","Divorced","Travel_Frequently",15,3,"Medical",2,3,4,1,17007,7,"No",14,3,4,2,16,3,2,14,8,6,9,"25-34","10+ years","10000+","11-20","6+ years",0
1486,"Yes",28,"Sales","Sales Representative","Male","Married","Travel_Frequently",1,3,"Technical Degree",1,3,1,3,2909,3,"No",15,3,4,1,5,3,4,3,2,1,2,"25-34","3-5 years","Under 3000","1-5","0-1 years",1
1487,"Yes",29,"Sales","Sales Executive","Female","Single","Travel_Frequently",13,3,"Technical Degree",1,3,2,2,5765,5,"No",11,3,1,0,7,4,1,5,3,0,0,"25-34","3-5 years","5000-6999","11-20","0-1 years",1
1489,"Yes",34,"Sales","Sales Executive","Female","Single","Travel_Rarely",24,4,"Medical",1,2,2,2,4599,0,"Yes",23,4,3,0,16,2,4,15,9,10,10,"25-34","10+ years","3000-4999","21+","6+ years",1
1492,"No",35,"Sales","Sales Representative","Male","Married","Travel_Rarely",7,1,"Life Sciences",4,3,1,3,2404,1,"No",13,3,1,1,1,3,3,1,0,0,0,"35-44","1-2 years","Under 3000","6-10","0-1 years",0
1494,"Yes",24,"Research & Development","Laboratory Technician","Male","Single","Travel_Frequently",9,3,"Medical",2,3,1,1,3172,2,"Yes",11,3,3,0,4,2,2,0,0,0,0,"Under 25","Under 1 year","3000-4999","6-10","0-1 years",1
1495,"No",24,"Sales","Sales Representative","Female","Married","Non-Travel",13,2,"Life Sciences",4,3,1,2,2033,1,"No",13,3,3,1,1,2,3,1,0,0,0,"Under 25","1-2 years","Under 3000","11-20","0-1 years",0
1496,"No",44,"Research & Development","Manufacturing Director","Male","Single","Travel_Frequently",2,1,"Medical",2,3,3,3,10209,5,"Yes",18,3,2,0,16,2,2,2,2,2,2,"35-44","1-2 years","10000+","1-5","2-3 years",0
1497,"No",29,"Sales","Sales Executive","Male","Divorced","Travel_Rarely",19,3,"Life Sciences",3,2,2,3,8620,1,"No",14,3,3,2,10,3,3,10,7,0,4,"25-34","6-10 years","7000-9999","11-20","0-1 years",0
1499,"No",30,"Human Resources","Human Resources","Male","Divorced","Travel_Rarely",1,3,"Life Sciences",3,3,1,3,2064,0,"No",21,4,1,1,6,3,4,5,3,1,3,"25-34","3-5 years","Under 3000","1-5","0-1 years",0
1501,"No",55,"Research & Development","Healthcare Representative","Male","Married","Travel_Rarely",4,4,"Life Sciences",4,3,2,3,4035,0,"Yes",16,3,2,0,4,2,3,3,2,1,2,"55+","3-5 years","3000-4999","1-5","0-1 years",0
1502,"No",33,"Research & Development","Laboratory Technician","Female","Married","Travel_Rarely",4,4,"Medical",1,2,1,2,3838,8,"No",11,3,4,0,8,5,3,5,4,0,2,"25-34","3-5 years","3000-4999","1-5","0-1 years",0
1503,"No",47,"Sales","Sales Executive","Female","Married","Travel_Rarely",14,3,"Medical",3,3,2,3,4591,3,"Yes",17,3,3,1,11,4,2,5,4,1,2,"45-54","3-5 years","3000-4999","11-20","0-1 years",0
1504,"Yes",28,"Research & Development","Laboratory Technician","Male","Single","Travel_Frequently",2,2,"Medical",3,2,1,1,2561,7,"No",11,3,3,0,8,2,2,0,0,0,0,"25-34","Under 1 year","Under 3000","1-5","0-1 years",1
1506,"No",28,"Research & Development","Research Scientist","Male","Divorced","Travel_Rarely",1,3,"Life Sciences",1,2,1,3,1563,1,"No",14,3,4,1,1,2,1,1,0,0,0,"25-34","1-2 years","Under 3000","1-5","0-1 years",0
1507,"No",28,"Sales","Sales Executive","Male","Single","Travel_Frequently",7,3,"Life Sciences",3,3,2,1,4898,0,"No",14,3,4,0,5,5,3,4,2,1,3,"25-34","3-5 years","3000-4999","6-10","0-1 years",0
1509,"No",49,"Research & Development","Laboratory Technician","Female","Married","Travel_Rarely",3,2,"Medical",3,2,2,1,4789,4,"No",25,4,1,1,10,3,3,3,2,1,2,"45-54","3-5 years","3000-4999","1-5","0-1 years",0
1513,"No",29,"Research & Development","Laboratory Technician","Female","Married","Travel_Frequently",2,1,"Life Sciences",4,3,1,2,3180,0,"No",13,3,3,3,4,3,3,3,2,0,2,"25-34","3-5 years","3000-4999","1-5","0-1 years",0
1514,"No",28,"Research & Development","Manufacturing Director","Male","Married","Travel_Rarely",29,1,"Life Sciences",3,1,2,2,6549,1,"No",14,3,2,2,8,2,2,8,6,1,7,"25-34","6-10 years","5000-6999","21+","0-1 years",0
1515,"No",33,"Research & Development","Healthcare Representative","Male","Single","Travel_Rarely",8,5,"Life Sciences",4,3,2,3,6388,2,"Yes",17,3,1,0,14,6,3,0,0,0,0,"25-34","Under 1 year","5000-6999","6-10","0-1 years",0
1516,"No",32,"Research & Development","Manager","Male","Single","Travel_Rarely",10,3,"Medical",3,3,3,4,11244,2,"No",25,4,2,0,10,5,4,5,2,0,0,"25-34","3-5 years","10000+","6-10","0-1 years",0
1520,"No",54,"Research & Development","Manager","Female","Divorced","Travel_Frequently",11,4,"Medical",2,3,4,4,16032,3,"No",20,4,1,1,26,2,3,14,9,1,12,"45-54","10+ years","10000+","11-20","0-1 years",0
1522,"Yes",29,"Research & Development","Research Scientist","Male","Single","Travel_Rarely",1,4,"Technical Degree",1,2,1,1,2362,6,"No",13,3,3,0,11,2,1,9,7,0,7,"25-34","6-10 years","Under 3000","1-5","0-1 years",1
1523,"No",44,"Research & Development","Research Director","Male","Married","Travel_Rarely",28,3,"Life Sciences",4,3,4,1,16328,3,"No",13,3,3,1,24,1,4,20,6,14,17,"35-44","10+ years","10000+","21+","6+ years",0
1525,"No",39,"Research & Development","Manufacturing Director","Female","Single","Travel_Rarely",6,3,"Life Sciences",2,3,3,2,8376,4,"No",18,3,4,0,9,3,3,2,0,2,2,"35-44","1-2 years","7000-9999","6-10","2-3 years",0
1527,"No",46,"Sales","Manager","Female","Married","Travel_Rarely",3,3,"Life Sciences",3,3,4,2,16606,8,"No",12,3,4,1,23,2,4,13,12,5,1,"45-54","10+ years","10000+","1-5","4-5 years",0
1529,"No",35,"Research & Development","Healthcare Representative","Female","Single","Travel_Rarely",16,3,"Life Sciences",4,2,3,2,8606,1,"No",19,3,4,0,11,3,1,11,8,3,3,"35-44","10+ years","7000-9999","11-20","2-3 years",0
1533,"No",23,"Research & Development","Laboratory Technician","Male","Single","Travel_Rarely",20,1,"Life Sciences",1,3,2,3,2272,0,"No",14,3,2,0,5,2,3,4,3,1,2,"Under 25","3-5 years","Under 3000","11-20","0-1 years",0
1534,"Yes",40,"Research & Development","Laboratory Technician","Male","Single","Travel_Rarely",9,4,"Life Sciences",4,3,1,1,2018,3,"No",14,3,2,0,15,3,1,5,4,1,0,"35-44","3-5 years","Under 3000","6-10","0-1 years",1
1535,"No",34,"Sales","Sales Executive","Male","Married","Travel_Rarely",1,3,"Technical Degree",4,2,3,3,7083,1,"Yes",14,3,4,0,10,3,3,10,9,8,6,"25-34","6-10 years","7000-9999","1-5","6+ years",0
1537,"Yes",31,"Research & Development","Research Scientist","Female","Single","Travel_Frequently",3,3,"Life Sciences",4,3,1,3,4084,1,"No",12,3,1,0,7,2,1,7,2,7,7,"25-34","6-10 years","3000-4999","1-5","6+ years",1
1539,"No",50,"Research & Development","Research Director","Male","Single","Travel_Frequently",22,5,"Medical",3,1,4,4,14411,1,"Yes",13,3,4,0,32,2,3,32,6,13,9,"45-54","10+ years","10000+","21+","6+ years",0
1541,"No",34,"Sales","Sales Representative","Male","Married","Travel_Rarely",7,2,"Technical Degree",2,3,1,3,2308,0,"Yes",25,4,2,1,12,4,3,11,10,5,7,"25-34","10+ years","Under 3000","6-10","4-5 years",0
1542,"No",42,"Research & Development","Laboratory Technician","Male","Married","Travel_Rarely",2,3,"Medical",3,2,1,2,4841,4,"No",14,3,2,1,4,3,3,1,0,0,0,"35-44","1-2 years","3000-4999","1-5","0-1 years",0
1543,"No",37,"Research & Development","Research Scientist","Male","Married","Travel_Rarely",13,3,"Medical",1,3,2,4,4285,1,"No",17,3,1,0,10,2,3,10,8,3,7,"35-44","6-10 years","3000-4999","11-20","2-3 years",0
1544,"No",29,"Research & Development","Healthcare Representative","Female","Married","Travel_Rarely",8,1,"Other",3,1,2,1,9715,3,"No",13,3,3,1,9,3,3,7,7,0,7,"25-34","6-10 years","7000-9999","6-10","0-1 years",0
1545,"No",33,"Research & Development","Manufacturing Director","Male","Single","Travel_Rarely",25,3,"Life Sciences",4,2,2,2,4320,1,"No",13,3,4,0,5,2,3,5,3,0,2,"25-34","3-5 years","3000-4999","21+","0-1 years",0
1546,"No",45,"Research & Development","Research Scientist","Male","Married","Travel_Rarely",28,3,"Technical Degree",4,3,1,4,2132,4,"No",20,4,4,1,8,3,3,5,4,0,3,"45-54","3-5 years","Under 3000","21+","0-1 years",0
1547,"No",42,"Research & Development","Healthcare Representative","Male","Married","Travel_Frequently",2,3,"Life Sciences",4,3,3,4,10124,2,"Yes",14,3,3,1,24,3,1,20,8,13,9,"35-44","10+ years","10000+","1-5","6+ years",0
1548,"No",40,"Sales","Sales Executive","Male","Married","Travel_Rarely",9,2,"Medical",1,3,2,1,5473,0,"No",12,3,4,0,9,5,4,8,4,7,1,"35-44","6-10 years","5000-6999","6-10","6+ years",0
1549,"No",33,"Research & Development","Laboratory Technician","Male","Married","Travel_Rarely",28,4,"Life Sciences",2,3,2,3,5207,1,"Yes",12,3,2,1,15,3,3,15,14,5,7,"25-34","10+ years","5000-6999","21+","4-5 years",0
1550,"No",40,"Human Resources","Manager","Male","Single","Travel_Rarely",6,2,"Medical",3,3,4,4,16437,1,"Yes",21,4,4,0,21,2,3,21,7,7,7,"35-44","10+ years","10000+","6-10","6+ years",0
1551,"No",24,"Research & Development","Laboratory Technician","Male","Divorced","Travel_Rarely",21,2,"Technical Degree",3,2,1,1,2296,0,"No",14,3,2,3,2,3,3,1,1,0,0,"Under 25","1-2 years","Under 3000","21+","0-1 years",0
1552,"No",40,"Research & Development","Healthcare Representative","Male","Divorced","Non-Travel",8,2,"Life Sciences",4,3,2,4,4069,3,"Yes",18,3,3,0,8,2,3,2,2,2,2,"35-44","1-2 years","3000-4999","6-10","2-3 years",0
1553,"No",45,"Research & Development","Healthcare Representative","Male","Divorced","Travel_Rarely",1,4,"Technical Degree",1,3,3,2,7441,1,"No",12,3,1,3,10,4,3,10,8,7,7,"45-54","6-10 years","7000-9999","1-5","6+ years",0
1554,"No",35,"Sales","Sales Representative","Female","Married","Travel_Rarely",28,4,"Life Sciences",2,2,1,3,2430,0,"No",23,4,1,2,6,5,3,5,3,4,2,"35-44","3-5 years","Under 3000","21+","4-5 years",0
1555,"No",32,"Research & Development","Research Scientist","Female","Married","Travel_Rarely",5,2,"Life Sciences",4,2,2,2,5878,3,"No",12,3,1,1,12,2,3,7,1,2,5,"25-34","6-10 years","5000-6999","1-5","2-3 years",0
1556,"No",36,"Sales","Sales Representative","Male","Single","Travel_Rarely",2,4,"Life Sciences",3,3,1,4,2644,3,"Yes",21,4,4,0,7,3,2,3,2,1,2,"35-44","3-5 years","Under 3000","1-5","0-1 years",0
1557,"No",48,"Sales","Sales Executive","Female","Divorced","Travel_Rarely",16,4,"Life Sciences",3,3,2,3,6439,8,"No",14,3,3,1,18,2,3,8,7,7,7,"45-54","6-10 years","5000-6999","11-20","6+ years",0
1558,"No",29,"Research & Development","Research Scientist","Male","Married","Travel_Rarely",9,3,"Life Sciences",3,4,1,3,2451,6,"No",18,3,1,2,5,2,2,1,0,0,0,"25-34","1-2 years","Under 3000","6-10","0-1 years",0
1560,"No",33,"Sales","Sales Executive","Male","Married","Travel_Rarely",8,4,"Life Sciences",1,3,2,1,6392,2,"No",13,3,4,1,8,6,1,2,2,2,2,"25-34","1-2 years","5000-6999","6-10","2-3 years",0
1562,"Yes",30,"Sales","Sales Executive","Male","Married","Travel_Rarely",1,3,"Life Sciences",2,2,2,1,9714,1,"No",11,3,4,1,10,4,3,10,8,6,7,"25-34","6-10 years","7000-9999","1-5","6+ years",1
1563,"No",38,"Human Resources","Human Resources","Male","Married","Travel_Frequently",10,4,"Human Resources",3,3,2,3,6077,3,"No",11,3,3,0,10,2,3,6,3,1,2,"35-44","6-10 years","5000-6999","6-10","0-1 years",0
1564,"No",35,"Research & Development","Laboratory Technician","Male","Single","Travel_Rarely",1,3,"Medical",4,2,1,1,2450,1,"No",19,3,2,0,3,3,3,3,0,1,2,"35-44","3-5 years","Under 3000","1-5","0-1 years",0
1568,"No",30,"Sales","Sales Executive","Male","Married","Travel_Rarely",29,4,"Technical Degree",3,3,3,2,9250,3,"No",12,3,2,1,9,3,3,4,2,1,3,"25-34","3-5 years","7000-9999","21+","0-1 years",0
1569,"Yes",35,"Research & Development","Laboratory Technician","Female","Divorced","Travel_Rarely",2,3,"Life Sciences",1,3,1,1,2074,1,"Yes",12,3,4,1,1,2,3,1,0,0,0,"35-44","1-2 years","Under 3000","1-5","0-1 years",1
1572,"Yes",53,"Research & Development","Manufacturing Director","Female","Married","Travel_Rarely",2,5,"Technical Degree",3,2,3,4,10169,0,"No",16,3,2,1,34,4,3,33,7,1,9,"45-54","10+ years","10000+","1-5","0-1 years",1
1573,"Yes",38,"Research & Development","Manufacturing Director","Male","Married","Travel_Rarely",2,3,"Medical",3,3,2,2,4855,4,"No",11,3,1,2,7,2,3,5,2,1,4,"35-44","3-5 years","3000-4999","1-5","0-1 years",1
1574,"No",32,"Research & Development","Research Scientist","Male","Married","Non-Travel",1,4,"Technical Degree",4,3,2,1,4087,4,"No",14,3,2,1,9,3,2,6,5,1,2,"25-34","6-10 years","3000-4999","1-5","0-1 years",0
1576,"No",48,"Research & Development","Research Scientist","Female","Married","Travel_Rarely",15,4,"Other",3,3,1,1,2367,8,"No",12,3,4,1,10,3,2,8,2,7,6,"45-54","6-10 years","Under 3000","11-20","6+ years",0
1577,"No",34,"Research & Development","Research Scientist","Male","Single","Travel_Rarely",7,4,"Medical",1,3,1,4,2972,1,"No",13,3,3,0,1,4,1,1,0,0,0,"25-34","1-2 years","Under 3000","6-10","0-1 years",0
1578,"No",55,"Sales","Manager","Male","Married","Travel_Rarely",26,5,"Marketing",3,2,5,4,19586,1,"No",21,4,3,1,36,3,3,36,6,2,13,"55+","10+ years","10000+","21+","2-3 years",0
1580,"No",34,"Research & Development","Research Scientist","Male","Married","Travel_Rarely",1,4,"Life Sciences",2,3,2,4,5484,9,"No",17,3,2,1,9,3,2,2,2,2,1,"25-34","1-2 years","5000-6999","1-5","2-3 years",0
1581,"No",26,"Research & Development","Research Scientist","Female","Married","Travel_Rarely",3,3,"Life Sciences",1,3,1,4,2061,1,"No",21,4,1,0,1,5,3,1,0,0,0,"25-34","1-2 years","Under 3000","1-5","0-1 years",0
1582,"No",38,"Sales","Sales Executive","Male","Married","Travel_Rarely",14,3,"Life Sciences",3,3,2,2,9924,0,"No",11,3,4,1,10,3,3,9,8,7,7,"35-44","6-10 years","7000-9999","11-20","6+ years",0
1583,"No",38,"Sales","Sales Executive","Female","Single","Travel_Rarely",16,3,"Life Sciences",2,3,2,2,4198,2,"No",12,3,2,0,8,5,4,3,2,1,2,"35-44","3-5 years","3000-4999","11-20","0-1 years",0
1585,"No",36,"Sales","Sales Executive","Female","Single","Travel_Rarely",1,4,"Life Sciences",2,3,2,3,6815,6,"No",13,3,1,0,15,5,3,1,0,0,0,"35-44","1-2 years","5000-6999","1-5","0-1 years",0
1586,"No",29,"Research & Development","Laboratory Technician","Male","Single","Travel_Rarely",3,1,"Medical",2,3,1,1,4723,1,"Yes",18,3,4,0,10,3,3,10,9,1,5,"25-34","6-10 years","3000-4999","1-5","0-1 years",0
1587,"No",35,"Research & Development","Healthcare Representative","Female","Single","Travel_Rarely",10,4,"Medical",1,3,2,3,6142,3,"Yes",16,3,3,0,10,4,3,5,2,0,4,"35-44","3-5 years","5000-6999","6-10","0-1 years",0
1588,"No",39,"Sales","Sales Executive","Male","Married","Travel_Rarely",6,3,"Medical",4,4,3,3,8237,2,"No",11,3,1,1,11,3,3,7,6,7,6,"35-44","6-10 years","7000-9999","6-10","6+ years",0
1590,"No",29,"Research & Development","Healthcare Representative","Male","Divorced","Travel_Frequently",2,1,"Life Sciences",1,3,2,4,8853,1,"No",19,3,4,1,6,0,4,6,4,1,3,"25-34","6-10 years","7000-9999","1-5","0-1 years",0
1591,"No",50,"Sales","Manager","Male","Married","Travel_Rarely",9,3,"Marketing",3,3,5,3,19331,4,"Yes",16,3,3,1,27,2,3,1,0,0,0,"45-54","1-2 years","10000+","6-10","0-1 years",0
1592,"No",23,"Research & Development","Research Scientist","Male","Married","Travel_Rarely",10,3,"Technical Degree",4,4,1,3,2073,2,"No",16,3,4,1,4,2,3,2,2,2,2,"Under 25","1-2 years","Under 3000","6-10","2-3 years",0
1594,"No",36,"Research & Development","Laboratory Technician","Male","Married","Travel_Frequently",6,4,"Life Sciences",1,4,2,1,5562,3,"Yes",13,3,4,1,9,3,3,3,2,0,2,"35-44","3-5 years","5000-6999","6-10","0-1 years",0
1595,"No",42,"Research & Development","Manager","Male","Single","Travel_Rarely",9,2,"Other",4,2,5,4,19613,8,"No",22,4,4,0,24,2,3,1,0,0,1,"35-44","1-2 years","10000+","6-10","0-1 years",0
1596,"No",35,"Research & Development","Laboratory Technician","Male","Married","Travel_Rarely",28,3,"Life Sciences",2,4,2,3,3407,1,"No",17,3,4,2,10,3,2,10,9,6,8,"35-44","6-10 years","3000-4999","21+","6+ years",0
1597,"No",34,"Research & Development","Healthcare Representative","Male","Married","Travel_Frequently",10,4,"Technical Degree",4,2,2,3,5063,1,"No",14,3,2,1,8,3,2,8,2,7,7,"25-34","6-10 years","5000-6999","6-10","6+ years",0
1598,"No",40,"Sales","Sales Executive","Female","Married","Travel_Rarely",14,2,"Life Sciences",4,3,2,1,4639,1,"No",15,3,3,1,5,2,3,5,4,1,2,"35-44","3-5 years","3000-4999","11-20","0-1 years",0
1599,"No",43,"Research & Development","Laboratory Technician","Male","Divorced","Travel_Rarely",27,3,"Technical Degree",4,4,1,2,4876,5,"No",12,3,3,1,8,0,3,6,4,0,2,"35-44","6-10 years","3000-4999","21+","0-1 years",0
1601,"No",35,"Research & Development","Laboratory Technician","Male","Married","Travel_Rarely",7,2,"Life Sciences",3,2,1,4,2690,1,"No",18,3,4,1,1,5,2,1,0,0,1,"35-44","1-2 years","Under 3000","6-10","0-1 years",0
1602,"No",46,"Sales","Manager","Male","Single","Travel_Rarely",1,4,"Life Sciences",4,4,4,1,17567,1,"No",15,3,2,0,27,5,1,26,0,0,12,"45-54","10+ years","10000+","1-5","0-1 years",0
1604,"Yes",28,"Research & Development","Laboratory Technician","Male","Married","Travel_Rarely",24,3,"Medical",3,3,1,2,2408,1,"Yes",17,3,3,3,1,3,3,1,1,0,0,"25-34","1-2 years","Under 3000","21+","0-1 years",1
1605,"No",22,"Research & Development","Research Scientist","Female","Married","Non-Travel",26,2,"Other",2,2,1,3,2814,1,"Yes",14,3,2,0,4,2,2,4,2,1,3,"Under 25","3-5 years","Under 3000","21+","0-1 years",0
1606,"No",50,"Research & Development","Healthcare Representative","Male","Married","Travel_Frequently",20,5,"Medical",2,3,4,3,11245,2,"Yes",15,3,3,1,32,3,3,30,8,12,13,"45-54","10+ years","10000+","11-20","6+ years",0
1607,"No",32,"Research & Development","Research Scientist","Female","Married","Travel_Rarely",5,4,"Other",2,4,1,4,3312,3,"No",17,3,4,2,6,3,3,3,2,0,2,"25-34","3-5 years","3000-4999","1-5","0-1 years",0
1608,"No",44,"Research & Development","Research Director","Female","Divorced","Travel_Rarely",7,3,"Medical",2,3,5,4,19049,0,"Yes",14,3,4,1,23,4,2,22,7,1,10,"35-44","10+ years","10000+","6-10","0-1 years",0
1609,"No",30,"Research & Development","Research Scientist","Male","Married","Travel_Rarely",7,3,"Medical",2,2,1,2,2141,1,"No",12,3,2,1,6,3,2,6,4,1,1,"25-34","6-10 years","Under 3000","6-10","0-1 years",0
1611,"No",45,"Research & Development","Laboratory Technician","Female","Single","Travel_Rarely",5,5,"Medical",3,1,2,1,5769,1,"Yes",14,3,1,0,10,3,3,10,7,1,4,"45-54","6-10 years","5000-6999","1-5","0-1 years",0
1612,"No",45,"Sales","Sales Executive","Male","Married","Non-Travel",26,3,"Marketing",1,2,2,1,4385,1,"No",15,3,1,1,10,2,3,10,7,4,5,"45-54","6-10 years","3000-4999","21+","4-5 years",0
1613,"No",31,"Sales","Sales Executive","Male","Single","Travel_Frequently",2,4,"Other",4,3,2,1,5332,7,"No",13,3,4,0,10,3,3,5,2,0,3,"25-34","3-5 years","5000-6999","1-5","0-1 years",0
1614,"No",36,"Research & Development","Manufacturing Director","Female","Married","Travel_Rarely",12,4,"Life Sciences",3,3,2,3,4663,9,"Yes",12,3,2,2,7,2,3,3,2,1,1,"35-44","3-5 years","3000-4999","11-20","0-1 years",0
1615,"No",34,"Research & Development","Manufacturing Director","Male","Divorced","Travel_Frequently",10,4,"Life Sciences",3,4,2,4,4724,1,"No",13,3,1,1,9,3,3,9,7,7,2,"25-34","6-10 years","3000-4999","6-10","6+ years",0
1617,"No",49,"Research & Development","Laboratory Technician","Female","Married","Travel_Rarely",25,4,"Life Sciences",3,3,1,1,3211,1,"No",14,3,4,1,10,3,2,9,6,1,4,"45-54","6-10 years","3000-4999","21+","0-1 years",0
1618,"No",39,"Research & Development","Manufacturing Director","Male","Married","Travel_Rarely",10,5,"Medical",2,3,2,1,5377,2,"No",13,3,4,3,10,3,3,7,7,7,7,"35-44","6-10 years","5000-6999","6-10","6+ years",0
1619,"No",27,"Research & Development","Laboratory Technician","Male","Divorced","Travel_Rarely",19,3,"Other",4,2,1,1,4066,1,"No",11,3,1,2,7,3,3,7,7,0,7,"25-34","6-10 years","3000-4999","11-20","0-1 years",0
1621,"No",35,"Research & Development","Research Scientist","Male","Married","Travel_Rarely",18,5,"Life Sciences",2,4,2,1,5208,1,"No",11,3,4,0,16,2,3,16,15,1,10,"35-44","10+ years","5000-6999","11-20","0-1 years",0
1622,"No",28,"Research & Development","Manufacturing Director","Female","Divorced","Travel_Rarely",27,3,"Medical",2,1,2,1,4877,0,"No",21,4,2,1,6,5,2,5,3,0,0,"25-34","3-5 years","3000-4999","21+","0-1 years",0
1623,"No",21,"Research & Development","Research Scientist","Male","Single","Travel_Rarely",5,1,"Medical",3,3,1,4,3117,1,"No",18,3,3,0,3,2,3,2,2,2,2,"Under 25","1-2 years","3000-4999","1-5","2-3 years",0
1624,"Yes",18,"Sales","Sales Representative","Female","Single","Travel_Frequently",3,2,"Medical",2,3,1,4,1569,1,"Yes",12,3,3,0,0,2,4,0,0,0,0,"Under 25","Under 1 year","Under 3000","1-5","0-1 years",1
1625,"No",47,"Human Resources","Manager","Female","Married","Travel_Rarely",26,4,"Life Sciences",4,3,5,3,19658,3,"No",11,3,3,1,27,2,3,5,2,1,0,"45-54","3-5 years","10000+","21+","0-1 years",0
1627,"No",39,"Research & Development","Laboratory Technician","Male","Divorced","Travel_Rarely",3,2,"Medical",3,2,2,3,3069,0,"No",15,3,4,1,11,3,3,10,8,0,7,"35-44","6-10 years","3000-4999","1-5","0-1 years",0
1628,"No",40,"Research & Development","Manufacturing Director","Female","Married","Travel_Rarely",15,3,"Life Sciences",1,2,3,3,10435,1,"No",13,3,4,2,18,2,3,18,15,14,12,"35-44","10+ years","10000+","11-20","6+ years",0
1630,"No",35,"Research & Development","Healthcare Representative","Female","Married","Non-Travel",8,4,"Life Sciences",3,3,2,3,4148,1,"No",12,3,4,1,15,5,3,14,11,2,9,"35-44","10+ years","3000-4999","6-10","2-3 years",0
1631,"No",37,"Research & Development","Manufacturing Director","Male","Married","Travel_Rarely",19,3,"Life Sciences",3,3,2,3,5768,3,"No",17,3,1,3,9,2,2,4,3,0,2,"35-44","3-5 years","5000-6999","11-20","0-1 years",0
1633,"No",39,"Research & Development","Manufacturing Director","Female","Single","Travel_Frequently",4,3,"Medical",1,3,2,3,5042,0,"No",13,3,4,0,10,2,1,9,2,3,8,"35-44","6-10 years","5000-6999","1-5","2-3 years",0
1635,"No",45,"Research & Development","Manufacturing Director","Female","Divorced","Travel_Rarely",2,2,"Other",4,2,2,4,5770,1,"No",19,3,1,2,10,3,3,10,7,3,9,"45-54","6-10 years","5000-6999","1-5","2-3 years",0
1638,"No",38,"Research & Development","Manufacturing Director","Female","Married","Travel_Rarely",2,2,"Medical",4,2,3,3,7756,3,"Yes",19,3,4,1,10,6,4,5,4,0,2,"35-44","3-5 years","7000-9999","1-5","0-1 years",0
1639,"Yes",35,"Sales","Sales Executive","Male","Married","Travel_Rarely",10,3,"Medical",4,2,3,1,10306,9,"No",17,3,3,0,15,3,3,13,12,6,0,"35-44","10+ years","10000+","6-10","6+ years",1
1640,"No",37,"Research & Development","Research Scientist","Female","Married","Travel_Rarely",10,3,"Medical",2,3,1,2,3936,1,"No",11,3,1,1,8,2,1,8,4,7,7,"35-44","6-10 years","3000-4999","6-10","6+ years",0
1641,"No",40,"Research & Development","Manufacturing Director","Female","Single","Travel_Rarely",16,3,"Life Sciences",3,3,3,4,7945,6,"Yes",15,3,4,0,18,2,2,4,2,3,3,"35-44","3-5 years","7000-9999","11-20","2-3 years",0
1642,"No",44,"Human Resources","Human Resources","Male","Married","Travel_Frequently",1,5,"Human Resources",1,3,2,4,5743,4,"Yes",11,3,3,0,14,3,3,10,7,0,2,"35-44","6-10 years","5000-6999","1-5","0-1 years",0
1644,"No",48,"Research & Development","Manager","Male","Married","Travel_Frequently",4,5,"Medical",3,2,4,4,15202,2,"No",25,4,2,1,23,3,3,2,2,2,2,"45-54","1-2 years","10000+","1-5","2-3 years",0
1645,"Yes",35,"Sales","Sales Executive","Male","Divorced","Travel_Rarely",15,2,"Medical",1,1,2,4,5440,6,"Yes",14,3,4,2,7,2,2,2,2,2,2,"35-44","1-2 years","5000-6999","11-20","2-3 years",1
1646,"No",24,"Research & Development","Research Scientist","Female","Single","Travel_Frequently",2,1,"Technical Degree",1,3,1,4,3760,1,"Yes",13,3,3,0,6,2,3,6,3,1,3,"Under 25","6-10 years","3000-4999","1-5","0-1 years",0
1647,"No",27,"Research & Development","Research Scientist","Female","Married","Travel_Rarely",8,3,"Medical",2,4,1,3,3517,7,"No",17,3,1,0,5,0,3,3,2,0,2,"25-34","3-5 years","3000-4999","6-10","0-1 years",0
1648,"No",27,"Research & Development","Research Scientist","Male","Single","Travel_Frequently",2,3,"Medical",4,3,1,4,2580,2,"No",13,3,3,0,6,0,2,4,2,1,2,"25-34","3-5 years","Under 3000","1-5","0-1 years",0
1649,"Yes",40,"Research & Development","Laboratory Technician","Male","Single","Travel_Rarely",7,3,"Life Sciences",1,3,1,1,2166,3,"Yes",14,3,2,0,10,3,1,4,2,0,3,"35-44","3-5 years","Under 3000","6-10","0-1 years",1
1650,"No",29,"Sales","Sales Executive","Male","Single","Travel_Rarely",10,3,"Medical",3,2,2,3,5869,9,"No",11,3,3,0,8,2,3,5,2,1,4,"25-34","3-5 years","5000-6999","6-10","0-1 years",0
1651,"No",36,"Research & Development","Healthcare Representative","Female","Married","Travel_Rarely",5,4,"Life Sciences",2,3,3,1,8008,4,"No",12,3,3,2,9,6,3,3,2,0,2,"35-44","3-5 years","7000-9999","1-5","0-1 years",0
1653,"No",25,"Research & Development","Manufacturing Director","Male","Divorced","Travel_Frequently",2,1,"Life Sciences",4,4,2,3,5206,1,"No",17,3,3,2,7,6,3,7,7,0,7,"25-34","6-10 years","5000-6999","1-5","0-1 years",0
1654,"No",39,"Research & Development","Manufacturing Director","Male","Married","Travel_Rarely",12,3,"Medical",4,3,2,2,5295,4,"No",21,4,3,0,7,3,3,5,4,1,0,"35-44","3-5 years","5000-6999","11-20","0-1 years",0
1655,"No",49,"Research & Development","Research Director","Female","Married","Travel_Rarely",22,4,"Other",1,3,4,2,16413,3,"No",16,3,2,2,27,2,3,4,2,1,2,"45-54","3-5 years","10000+","21+","0-1 years",0
1656,"No",50,"Research & Development","Research Director","Female","Divorced","Travel_Rarely",17,5,"Life Sciences",4,2,3,1,13269,5,"No",15,3,3,3,19,3,3,14,11,1,11,"45-54","10+ years","10000+","11-20","0-1 years",0
1657,"No",20,"Sales","Sales Representative","Female","Single","Travel_Rarely",2,3,"Medical",3,3,1,3,2783,1,"No",19,3,1,0,2,3,3,2,2,2,2,"Under 25","1-2 years","Under 3000","1-5","2-3 years",0
1658,"No",34,"Research & Development","Research Scientist","Female","Divorced","Travel_Rarely",3,3,"Life Sciences",4,3,2,2,5433,1,"No",12,3,3,1,11,2,3,11,8,7,9,"25-34","10+ years","5000-6999","1-5","6+ years",0
1659,"No",36,"Research & Development","Laboratory Technician","Male","Single","Travel_Rarely",7,3,"Life Sciences",1,3,1,2,2013,2,"No",11,3,3,0,15,4,3,4,3,1,3,"35-44","3-5 years","Under 3000","6-10","0-1 years",0
1661,"No",49,"Research & Development","Healthcare Representative","Female","Married","Travel_Rarely",6,1,"Life Sciences",3,2,4,3,13966,2,"Yes",19,3,2,1,30,3,3,15,11,2,12,"45-54","10+ years","10000+","6-10","2-3 years",0
1662,"No",36,"Research & Development","Manufacturing Director","Female","Married","Non-Travel",1,4,"Medical",4,2,2,3,4374,0,"No",15,3,3,0,4,6,3,3,2,1,2,"35-44","3-5 years","3000-4999","1-5","0-1 years",0
1664,"No",36,"Research & Development","Healthcare Representative","Male","Divorced","Travel_Rarely",3,2,"Life Sciences",4,4,2,1,6842,6,"No",20,4,1,1,13,3,3,5,4,0,4,"35-44","3-5 years","5000-6999","1-5","0-1 years",0
1665,"No",54,"Research & Development","Manager","Female","Married","Travel_Rarely",22,5,"Medical",2,3,4,3,17426,3,"No",25,4,3,1,36,6,3,10,8,4,7,"45-54","6-10 years","10000+","21+","4-5 years",0
1666,"No",43,"Research & Development","Research Director","Male","Married","Travel_Rarely",15,2,"Life Sciences",3,2,4,3,17603,1,"No",24,4,1,1,14,3,3,14,10,6,11,"35-44","10+ years","10000+","11-20","6+ years",0
1667,"Yes",35,"Sales","Sales Executive","Male","Single","Travel_Frequently",12,4,"Other",4,3,2,4,4581,3,"Yes",24,4,1,0,13,2,4,11,9,6,7,"35-44","10+ years","3000-4999","11-20","6+ years",1
1668,"No",38,"Research & Development","Research Scientist","Male","Married","Travel_Frequently",1,3,"Life Sciences",4,3,2,4,4735,7,"No",15,3,4,2,19,4,4,13,11,2,9,"35-44","10+ years","3000-4999","1-5","2-3 years",0
1669,"No",29,"Sales","Sales Executive","Male","Divorced","Travel_Rarely",5,3,"Medical",1,2,2,2,4187,1,"Yes",13,3,2,1,10,3,2,10,0,0,9,"25-34","6-10 years","3000-4999","1-5","0-1 years",0
1670,"No",33,"Sales","Sales Executive","Male","Divorced","Travel_Rarely",2,4,"Medical",4,3,2,4,5505,1,"No",14,3,3,2,6,5,3,6,2,0,4,"25-34","6-10 years","5000-6999","1-5","0-1 years",0
1671,"No",32,"Research & Development","Research Scientist","Male","Divorced","Travel_Rarely",2,3,"Medical",4,3,2,2,5470,0,"No",13,3,3,2,10,4,2,9,5,1,6,"25-34","6-10 years","5000-6999","1-5","0-1 years",0
1673,"No",31,"Sales","Sales Executive","Female","Married","Travel_Rarely",5,4,"Life Sciences",1,3,2,4,5476,1,"No",11,3,1,2,10,2,3,10,0,0,2,"25-34","6-10 years","5000-6999","1-5","0-1 years",0
1674,"No",49,"Research & Development","Laboratory Technician","Female","Divorced","Travel_Rarely",16,3,"Medical",4,3,1,1,2587,4,"Yes",16,3,2,1,17,2,2,2,2,2,2,"45-54","1-2 years","Under 3000","11-20","2-3 years",0
1675,"No",38,"Research & Development","Laboratory Technician","Female","Single","Travel_Frequently",2,3,"Medical",4,2,1,2,2440,1,"No",22,4,2,0,4,3,3,4,3,3,3,"35-44","3-5 years","Under 3000","1-5","2-3 years",0
1676,"No",47,"Sales","Manager","Female","Divorced","Travel_Rarely",2,4,"Life Sciences",2,4,4,2,15972,6,"No",14,3,3,3,29,2,3,3,2,1,2,"45-54","3-5 years","10000+","1-5","0-1 years",0
1677,"No",49,"Research & Development","Manager","Male","Single","Travel_Rarely",1,3,"Life Sciences",3,3,4,3,15379,4,"No",14,3,1,0,23,2,3,8,7,0,0,"45-54","6-10 years","10000+","1-5","0-1 years",0
1678,"No",41,"Sales","Sales Executive","Male","Single","Travel_Rarely",23,2,"Life Sciences",4,3,3,3,7082,3,"Yes",16,3,4,0,21,2,3,2,0,0,2,"35-44","1-2 years","7000-9999","21+","0-1 years",0
1680,"No",20,"Sales","Sales Representative","Male","Single","Travel_Rarely",9,1,"Life Sciences",4,3,1,1,2728,1,"No",11,3,1,0,2,3,3,2,2,0,2,"Under 25","1-2 years","Under 3000","6-10","0-1 years",0
1681,"No",33,"Sales","Sales Executive","Female","Divorced","Non-Travel",16,3,"Life Sciences",3,3,2,4,5368,1,"Yes",25,4,3,1,7,2,3,6,5,1,2,"25-34","6-10 years","5000-6999","11-20","0-1 years",0
1682,"No",36,"Research & Development","Healthcare Representative","Male","Married","Travel_Rarely",26,4,"Life Sciences",1,3,2,3,5347,6,"No",14,3,2,2,10,2,2,3,2,0,2,"35-44","3-5 years","5000-6999","21+","0-1 years",0
1683,"No",44,"Human Resources","Human Resources","Female","Divorced","Travel_Rarely",1,3,"Life Sciences",3,3,1,4,3195,4,"Yes",18,3,1,3,8,2,3,2,2,2,2,"35-44","1-2 years","3000-4999","1-5","2-3 years",0
1684,"Yes",23,"Research & Development","Laboratory Technician","Male","Single","Travel_Rarely",8,1,"Medical",4,2,1,3,3989,1,"Yes",11,3,1,0,5,2,3,5,4,1,2,"Under 25","3-5 years","3000-4999","6-10","0-1 years",1
1687,"No",38,"Research & Development","Laboratory Technician","Female","Married","Travel_Rarely",4,2,"Medical",4,3,1,3,3306,7,"No",19,3,4,1,7,5,2,0,0,0,0,"35-44","Under 1 year","3000-4999","1-5","0-1 years",0
1689,"No",53,"Research & Development","Healthcare Representative","Male","Married","Travel_Rarely",24,4,"Medical",2,4,3,4,7005,3,"No",15,3,3,0,11,2,3,4,3,1,2,"45-54","3-5 years","7000-9999","21+","0-1 years",0
1691,"Yes",48,"Sales","Sales Representative","Female","Married","Travel_Frequently",7,2,"Medical",4,3,1,3,2655,2,"Yes",11,3,3,2,19,3,3,9,7,7,7,"45-54","6-10 years","Under 3000","6-10","6+ years",1
1692,"Yes",32,"Research & Development","Laboratory Technician","Male","Single","Travel_Rarely",2,4,"Life Sciences",4,3,1,2,1393,1,"No",12,3,1,0,1,2,3,1,0,0,0,"25-34","1-2 years","Under 3000","1-5","0-1 years",1
1693,"No",26,"Research & Development","Laboratory Technician","Male","Single","Non-Travel",7,3,"Medical",4,3,1,4,2570,1,"No",20,4,3,0,7,5,3,7,7,5,7,"25-34","6-10 years","Under 3000","6-10","4-5 years",0
1694,"No",55,"Research & Development","Research Scientist","Male","Divorced","Travel_Rarely",22,3,"Technical Degree",1,2,1,2,3537,5,"No",12,3,4,1,8,1,3,4,2,1,2,"55+","3-5 years","3000-4999","21+","0-1 years",0
1696,"No",34,"Research & Development","Laboratory Technician","Male","Married","Travel_Rarely",5,2,"Medical",2,2,2,4,3986,1,"No",14,3,3,1,15,3,4,15,10,4,13,"25-34","10+ years","3000-4999","1-5","4-5 years",0
1697,"No",60,"Research & Development","Healthcare Representative","Male","Divorced","Travel_Rarely",1,4,"Medical",3,1,3,4,10883,3,"No",20,4,3,1,19,2,4,1,0,0,0,"55+","1-2 years","10000+","1-5","0-1 years",0
1698,"No",33,"Research & Development","Laboratory Technician","Male","Married","Travel_Rarely",21,3,"Medical",2,4,1,2,2028,1,"No",18,3,4,3,14,6,3,14,11,2,13,"25-34","10+ years","Under 3000","21+","2-3 years",0
1700,"No",37,"Sales","Sales Executive","Male","Divorced","Travel_Frequently",1,4,"Medical",3,1,2,4,9525,1,"No",14,3,3,2,6,2,2,6,3,1,3,"35-44","6-10 years","7000-9999","1-5","0-1 years",0
1701,"No",34,"Research & Development","Research Scientist","Female","Married","Travel_Rarely",19,3,"Life Sciences",2,2,1,4,2929,1,"No",12,3,2,0,10,3,3,10,9,8,7,"25-34","6-10 years","Under 3000","11-20","6+ years",0
1702,"Yes",23,"Sales","Sales Representative","Male","Divorced","Travel_Rarely",7,3,"Life Sciences",3,3,1,4,2275,1,"Yes",21,4,2,1,3,2,3,3,2,0,2,"Under 25","3-5 years","Under 3000","6-10","0-1 years",1
1703,"No",44,"Research & Development","Healthcare Representative","Female","Married","Travel_Rarely",2,3,"Life Sciences",3,4,3,4,7879,1,"Yes",19,3,2,1,9,2,3,8,7,6,7,"35-44","6-10 years","7000-9999","1-5","6+ years",0
1704,"No",35,"Research & Development","Research Scientist","Male","Single","Travel_Frequently",2,4,"Medical",1,2,1,4,4930,0,"Yes",14,3,3,0,6,2,4,5,4,1,4,"35-44","3-5 years","3000-4999","1-5","0-1 years",0
1706,"No",43,"Sales","Sales Executive","Male","Married","Travel_Rarely",2,3,"Medical",4,3,2,4,7847,1,"Yes",17,3,1,1,10,3,3,10,9,8,8,"35-44","6-10 years","7000-9999","1-5","6+ years",0
1707,"No",24,"Research & Development","Research Scientist","Male","Married","Travel_Rarely",9,3,"Medical",3,4,1,3,4401,1,"No",16,3,4,1,5,1,3,5,3,0,4,"Under 25","3-5 years","3000-4999","6-10","0-1 years",0
1708,"No",41,"Sales","Sales Executive","Male","Single","Travel_Rarely",6,3,"Marketing",4,3,3,3,9241,1,"No",12,3,2,0,10,3,3,10,8,8,7,"35-44","6-10 years","7000-9999","6-10","6+ years",0
1709,"No",29,"Research & Development","Laboratory Technician","Female","Married","Travel_Rarely",9,4,"Medical",4,3,1,3,2974,9,"No",17,3,3,1,9,2,3,5,3,1,2,"25-34","3-5 years","Under 3000","6-10","0-1 years",0
1710,"No",36,"Sales","Sales Representative","Female","Single","Travel_Rarely",2,4,"Life Sciences",3,3,2,4,4502,3,"No",15,3,3,0,17,2,2,13,7,6,7,"35-44","10+ years","3000-4999","1-5","6+ years",0
1712,"No",45,"Research & Development","Healthcare Representative","Male","Married","Non-Travel",1,1,"Life Sciences",3,2,3,3,10748,3,"No",23,4,4,1,25,3,2,23,15,14,4,"45-54","10+ years","10000+","1-5","6+ years",0
1714,"Yes",24,"Human Resources","Human Resources","Male","Married","Travel_Rarely",22,1,"Human Resources",4,1,1,3,1555,1,"No",11,3,3,1,1,2,3,1,0,0,0,"Under 25","1-2 years","Under 3000","21+","0-1 years",1
1716,"Yes",47,"Sales","Sales Executive","Male","Married","Travel_Frequently",9,3,"Life Sciences",3,1,4,3,12936,7,"No",11,3,3,0,25,3,1,23,5,14,10,"45-54","10+ years","10000+","6-10","6+ years",1
1718,"No",26,"Research & Development","Laboratory Technician","Male","Married","Travel_Rarely",17,4,"Medical",4,1,1,3,2305,1,"No",15,3,3,3,3,3,4,3,2,0,2,"25-34","3-5 years","Under 3000","11-20","0-1 years",0
1719,"No",45,"Research & Development","Research Director","Female","Single","Travel_Rarely",28,2,"Technical Degree",4,2,4,2,16704,1,"No",11,3,3,0,21,2,3,21,6,8,6,"45-54","10+ years","10000+","21+","6+ years",0
1720,"No",32,"Research & Development","Research Scientist","Male","Married","Travel_Frequently",10,3,"Life Sciences",1,3,1,3,3433,6,"No",13,3,1,1,10,3,2,5,2,1,3,"25-34","3-5 years","3000-4999","6-10","0-1 years",0
1721,"No",31,"Research & Development","Laboratory Technician","Male","Married","Travel_Rarely",2,4,"Life Sciences",2,3,1,3,3477,1,"No",14,3,4,1,6,2,4,5,2,0,3,"25-34","3-5 years","3000-4999","1-5","0-1 years",0
1722,"No",41,"Human Resources","Human Resources","Male","Married","Non-Travel",4,3,"Human Resources",3,1,2,2,6430,6,"No",19,3,2,1,10,4,3,3,2,1,2,"35-44","3-5 years","5000-6999","1-5","0-1 years",0
1724,"No",40,"Research & Development","Manufacturing Director","Female","Married","Travel_Rarely",8,2,"Life Sciences",2,3,2,1,6516,2,"Yes",16,3,2,1,18,3,3,1,0,0,0,"35-44","1-2 years","5000-6999","6-10","0-1 years",0
1725,"No",24,"Research & Development","Laboratory Technician","Male","Divorced","Travel_Rarely",29,1,"Medical",2,3,1,1,3907,1,"No",13,3,2,3,6,2,4,6,2,1,2,"Under 25","6-10 years","3000-4999","21+","0-1 years",0
1727,"No",46,"Research & Development","Healthcare Representative","Male","Single","Travel_Rarely",13,4,"Life Sciences",3,3,2,2,5562,6,"No",14,3,4,0,19,3,3,10,7,0,9,"45-54","6-10 years","5000-6999","11-20","0-1 years",0
1728,"No",35,"Research & Development","Manufacturing Director","Male","Married","Travel_Rarely",27,4,"Life Sciences",4,3,2,3,6883,2,"No",16,3,2,1,17,3,3,7,7,0,7,"35-44","6-10 years","5000-6999","21+","0-1 years",0
1729,"No",30,"Research & Development","Research Scientist","Male","Married","Travel_Rarely",16,1,"Life Sciences",2,3,1,4,2862,1,"No",12,3,2,1,10,2,2,10,0,0,8,"25-34","6-10 years","Under 3000","11-20","0-1 years",0
1731,"No",47,"Sales","Sales Executive","Male","Married","Non-Travel",2,4,"Marketing",3,3,2,2,4978,7,"No",11,3,4,1,4,3,1,1,0,0,0,"45-54","1-2 years","3000-4999","1-5","0-1 years",0
1732,"No",46,"Sales","Sales Executive","Male","Divorced","Travel_Rarely",2,3,"Life Sciences",3,3,3,4,10368,4,"Yes",12,3,2,1,13,5,2,10,6,0,3,"45-54","6-10 years","10000+","1-5","0-1 years",0
1733,"Yes",36,"Sales","Sales Executive","Male","Divorced","Travel_Rarely",13,5,"Marketing",2,2,2,1,6134,5,"Yes",13,3,2,3,16,3,3,2,2,2,2,"35-44","1-2 years","5000-6999","11-20","2-3 years",1
1734,"Yes",32,"Sales","Sales Executive","Male","Single","Travel_Rarely",1,2,"Life Sciences",1,1,2,2,6735,6,"No",15,3,2,0,10,2,3,0,0,0,0,"25-34","Under 1 year","5000-6999","1-5","0-1 years",1
1735,"No",23,"Research & Development","Laboratory Technician","Female","Single","Travel_Rarely",4,1,"Medical",3,3,1,2,3295,1,"No",13,3,3,0,3,3,1,3,2,1,2,"Under 25","3-5 years","3000-4999","1-5","0-1 years",0
1736,"No",31,"Research & Development","Manufacturing Director","Female","Single","Travel_Frequently",24,1,"Technical Degree",4,3,2,4,5238,2,"No",20,4,4,0,9,3,2,5,4,1,4,"25-34","3-5 years","5000-6999","21+","0-1 years",0
1737,"No",39,"Research & Development","Laboratory Technician","Male","Married","Non-Travel",1,3,"Life Sciences",4,3,2,4,6472,1,"Yes",15,3,4,1,9,2,3,9,8,5,8,"35-44","6-10 years","5000-6999","1-5","4-5 years",0
1739,"No",32,"Sales","Sales Executive","Male","Married","Travel_Rarely",19,3,"Life Sciences",4,1,3,3,9610,3,"No",13,3,3,1,10,2,1,4,3,0,2,"25-34","3-5 years","7000-9999","11-20","0-1 years",0
1740,"No",40,"Sales","Manager","Male","Single","Travel_Rarely",7,4,"Medical",2,3,5,2,19833,1,"No",14,3,2,0,21,3,2,21,8,12,8,"35-44","10+ years","10000+","6-10","6+ years",0
1744,"No",45,"Human Resources","Human Resources","Female","Married","Travel_Rarely",4,3,"Life Sciences",3,1,3,3,9756,4,"No",21,4,3,2,9,2,4,5,0,0,3,"45-54","3-5 years","7000-9999","1-5","0-1 years",0
1745,"No",30,"Research & Development","Research Scientist","Female","Single","Travel_Frequently",2,4,"Technical Degree",4,2,1,1,4968,0,"No",16,3,4,0,10,2,3,9,7,0,7,"25-34","6-10 years","3000-4999","1-5","0-1 years",0
1746,"No",24,"Human Resources","Human Resources","Male","Married","Travel_Frequently",10,3,"Medical",1,3,1,4,2145,0,"No",14,3,4,1,3,2,3,2,2,2,1,"Under 25","1-2 years","Under 3000","6-10","2-3 years",0
1747,"Yes",30,"Human Resources","Human Resources","Female","Divorced","Travel_Frequently",8,3,"Human Resources",3,2,1,4,2180,6,"No",11,3,3,1,6,0,2,4,2,1,2,"25-34","3-5 years","Under 3000","6-10","0-1 years",1
1749,"No",31,"Sales","Sales Executive","Male","Married","Travel_Rarely",5,3,"Technical Degree",1,3,2,3,8346,1,"No",19,3,3,1,6,3,3,5,2,0,2,"25-34","3-5 years","7000-9999","1-5","0-1 years",0
1751,"No",27,"Research & Development","Research Scientist","Female","Single","Travel_Rarely",8,3,"Medical",3,3,1,4,3445,1,"No",11,3,3,0,6,5,2,6,2,1,4,"25-34","6-10 years","3000-4999","6-10","0-1 years",0
1752,"Yes",29,"Sales","Sales Representative","Female","Single","Travel_Rarely",9,3,"Marketing",2,1,1,2,2760,1,"No",13,3,3,0,2,3,3,2,2,2,2,"25-34","1-2 years","Under 3000","6-10","2-3 years",1
1753,"No",29,"Research & Development","Healthcare Representative","Male","Single","Travel_Frequently",1,3,"Life Sciences",4,4,2,3,6294,8,"Yes",12,3,4,0,10,5,4,3,2,0,2,"25-34","3-5 years","5000-6999","1-5","0-1 years",0
1754,"No",30,"Sales","Sales Executive","Male","Divorced","Travel_Rarely",15,2,"Marketing",3,2,3,1,7140,2,"No",11,3,1,1,12,2,3,7,7,1,7,"25-34","6-10 years","7000-9999","11-20","0-1 years",0
1755,"No",34,"Research & Development","Research Scientist","Male","Married","Travel_Rarely",2,4,"Medical",4,4,1,4,2932,0,"Yes",14,3,1,3,6,3,3,5,0,1,2,"25-34","3-5 years","Under 3000","1-5","0-1 years",0
1756,"No",33,"Sales","Sales Executive","Female","Single","Non-Travel",2,3,"Marketing",4,3,2,2,5147,8,"No",15,3,4,0,13,2,2,11,7,1,7,"25-34","10+ years","5000-6999","1-5","0-1 years",0
1757,"No",49,"Sales","Sales Executive","Female","Single","Travel_Rarely",11,4,"Marketing",4,3,2,4,4507,3,"No",12,3,3,0,8,1,4,5,1,0,4,"45-54","3-5 years","3000-4999","11-20","0-1 years",0
1758,"Yes",33,"Sales","Sales Executive","Female","Single","Travel_Rarely",16,3,"Life Sciences",1,3,3,1,8564,2,"Yes",20,4,3,0,11,2,2,0,0,0,0,"25-34","Under 1 year","7000-9999","11-20","0-1 years",1
1760,"No",38,"Research & Development","Laboratory Technician","Female","Married","Travel_Frequently",2,2,"Medical",3,2,1,2,2468,4,"No",14,3,2,1,9,4,2,6,1,0,5,"35-44","6-10 years","Under 3000","1-5","0-1 years",0
1761,"Yes",31,"Sales","Sales Executive","Male","Married","Travel_Rarely",16,4,"Marketing",1,3,3,3,8161,2,"No",13,3,1,3,10,2,3,1,0,0,0,"25-34","1-2 years","7000-9999","11-20","0-1 years",1
1762,"No",29,"Research & Development","Research Scientist","Female","Divorced","Travel_Rarely",4,3,"Technical Degree",4,2,1,1,2109,1,"No",13,3,3,1,1,2,3,1,0,0,0,"25-34","1-2 years","Under 3000","1-5","0-1 years",0
1763,"No",30,"Research & Development","Healthcare Representative","Male","Married","Travel_Rarely",16,3,"Life Sciences",3,4,2,3,5294,3,"No",16,3,3,1,10,3,3,7,0,1,7,"25-34","6-10 years","5000-6999","11-20","0-1 years",0
1764,"No",32,"Research & Development","Research Scientist","Male","Single","Non-Travel",5,4,"Technical Degree",2,3,1,2,2718,2,"No",14,3,2,0,12,3,3,7,7,0,7,"25-34","6-10 years","Under 3000","1-5","0-1 years",0
1766,"No",38,"Research & Development","Healthcare Representative","Male","Married","Travel_Rarely",18,3,"Medical",2,1,2,4,5811,3,"Yes",16,3,3,1,15,2,3,1,0,1,0,"35-44","1-2 years","5000-6999","11-20","0-1 years",0
1767,"Yes",43,"Research & Development","Research Scientist","Male","Married","Travel_Frequently",17,3,"Technical Degree",3,2,1,3,2437,9,"Yes",16,3,4,1,6,4,3,1,0,0,0,"35-44","1-2 years","Under 3000","11-20","0-1 years",1
1768,"No",42,"Research & Development","Laboratory Technician","Male","Divorced","Travel_Rarely",12,3,"Medical",2,3,1,2,2766,8,"No",22,4,2,3,7,6,2,5,3,0,4,"35-44","3-5 years","Under 3000","11-20","0-1 years",0
1770,"No",55,"Research & Development","Research Director","Male","Married","Travel_Rarely",2,3,"Medical",3,2,5,1,19038,8,"No",12,3,2,3,34,2,3,1,0,0,0,"55+","1-2 years","10000+","1-5","0-1 years",0
1771,"No",33,"Research & Development","Research Scientist","Male","Divorced","Non-Travel",4,3,"Technical Degree",4,3,2,2,3055,5,"No",15,3,4,2,11,2,2,9,8,1,7,"25-34","6-10 years","3000-4999","1-5","0-1 years",0
1772,"No",41,"Research & Development","Laboratory Technician","Male","Divorced","Travel_Rarely",9,4,"Life Sciences",3,3,1,1,2289,1,"No",20,4,2,2,5,2,3,5,3,0,4,"35-44","3-5 years","Under 3000","6-10","0-1 years",0
1774,"No",34,"Sales","Sales Executive","Male","Divorced","Non-Travel",10,3,"Life Sciences",4,3,2,3,4001,1,"Yes",14,3,3,1,15,3,3,15,14,0,7,"25-34","10+ years","3000-4999","6-10","0-1 years",0
1775,"No",53,"Research & Development","Manufacturing Director","Female","Married","Non-Travel",1,4,"Medical",1,2,4,3,12965,4,"Yes",20,4,4,3,27,2,2,3,2,0,2,"45-54","3-5 years","10000+","1-5","0-1 years",0
1778,"No",43,"Human Resources","Human Resources","Male","Single","Travel_Rarely",2,3,"Life Sciences",2,3,1,4,3539,0,"No",13,3,2,0,10,5,3,9,7,1,8,"35-44","6-10 years","3000-4999","1-5","0-1 years",0
1779,"No",34,"Sales","Sales Executive","Female","Single","Travel_Rarely",3,2,"Life Sciences",4,1,2,4,6029,5,"No",12,3,1,0,6,3,3,2,2,2,2,"25-34","1-2 years","5000-6999","1-5","2-3 years",0
1780,"Yes",21,"Sales","Sales Representative","Male","Single","Travel_Rarely",7,1,"Marketing",2,3,1,2,2679,1,"No",13,3,2,0,1,3,3,1,0,1,0,"Under 25","1-2 years","Under 3000","6-10","0-1 years",1
1782,"No",38,"Research & Development","Laboratory Technician","Female","Married","Travel_Rarely",6,2,"Other",4,2,1,3,3702,1,"No",11,3,2,1,5,3,3,5,4,0,4,"35-44","3-5 years","3000-4999","6-10","0-1 years",0
1783,"Yes",22,"Research & Development","Laboratory Technician","Female","Married","Travel_Rarely",8,1,"Medical",3,3,1,1,2398,1,"Yes",17,3,3,0,1,6,3,1,0,0,0,"Under 25","1-2 years","Under 3000","6-10","0-1 years",1
1784,"No",31,"Sales","Sales Executive","Female","Married","Travel_Rarely",29,4,"Marketing",1,2,2,4,5468,1,"No",14,3,1,2,13,3,3,12,7,5,7,"25-34","10+ years","5000-6999","21+","4-5 years",0
1786,"No",51,"Research & Development","Manager","Female","Married","Travel_Rarely",3,3,"Technical Degree",1,3,3,3,13116,2,"No",11,3,4,0,15,2,3,2,2,2,2,"45-54","1-2 years","10000+","1-5","2-3 years",0
1787,"No",37,"Sales","Sales Executive","Male","Married","Travel_Rarely",9,2,"Marketing",2,2,2,2,4189,1,"No",14,3,1,2,5,2,3,5,2,0,3,"35-44","3-5 years","3000-4999","6-10","0-1 years",0
1789,"No",46,"Research & Development","Research Director","Male","Divorced","Travel_Rarely",2,4,"Medical",3,3,5,4,19328,7,"Yes",17,3,3,1,24,3,3,2,1,2,2,"45-54","1-2 years","10000+","1-5","2-3 years",0
1790,"No",36,"Research & Development","Healthcare Representative","Male","Married","Travel_Rarely",10,3,"Life Sciences",4,3,3,1,8321,7,"Yes",13,3,4,1,15,1,3,12,8,5,7,"35-44","10+ years","7000-9999","6-10","4-5 years",0
1792,"Yes",44,"Research & Development","Research Scientist","Male","Divorced","Travel_Frequently",1,2,"Medical",3,3,1,2,2342,1,"Yes",12,3,3,3,6,2,2,5,3,2,3,"35-44","3-5 years","Under 3000","1-5","2-3 years",1
1794,"No",37,"Human Resources","Human Resources","Male","Divorced","Travel_Rarely",8,2,"Other",3,3,2,2,4071,2,"No",13,3,3,0,19,4,2,10,0,4,7,"35-44","6-10 years","3000-4999","6-10","4-5 years",0
1797,"Yes",35,"Sales","Sales Executive","Male","Single","Travel_Rarely",27,3,"Life Sciences",3,3,2,4,5813,1,"Yes",18,3,4,0,10,2,3,10,7,7,7,"35-44","6-10 years","5000-6999","21+","6+ years",1
1798,"No",33,"Research & Development","Research Scientist","Male","Married","Travel_Rarely",8,4,"Life Sciences",4,4,1,1,3143,6,"No",19,3,2,1,14,1,3,10,8,7,6,"25-34","6-10 years","3000-4999","6-10","6+ years",0
1799,"No",28,"Research & Development","Research Scientist","Male","Married","Travel_Rarely",1,3,"Life Sciences",3,3,1,4,2044,1,"No",11,3,3,1,5,6,4,5,3,0,3,"25-34","3-5 years","Under 3000","1-5","0-1 years",0
1800,"No",39,"Research & Development","Research Director","Male","Single","Travel_Rarely",10,1,"Medical",3,3,3,3,13464,7,"No",21,4,3,0,9,3,3,4,3,2,2,"35-44","3-5 years","10000+","6-10","2-3 years",0
1801,"No",46,"Sales","Sales Executive","Male","Single","Non-Travel",26,2,"Life Sciences",2,2,2,2,7991,8,"No",15,3,3,0,6,3,3,2,2,2,2,"45-54","1-2 years","7000-9999","21+","2-3 years",0
1802,"No",40,"Research & Development","Laboratory Technician","Female","Married","Travel_Rarely",2,2,"Life Sciences",3,3,1,1,3377,4,"No",17,3,4,1,7,5,2,4,3,0,2,"35-44","3-5 years","3000-4999","1-5","0-1 years",0
1803,"No",42,"Research & Development","Healthcare Representative","Male","Married","Travel_Rarely",13,3,"Medical",2,4,2,1,5538,5,"No",18,3,3,2,10,2,2,0,0,0,0,"35-44","Under 1 year","5000-6999","11-20","0-1 years",0
1804,"No",35,"Research & Development","Manufacturing Director","Male","Divorced","Non-Travel",2,2,"Medical",2,3,2,4,5762,2,"No",14,3,3,1,15,6,3,7,7,1,7,"35-44","6-10 years","5000-6999","1-5","0-1 years",0
1805,"No",38,"Human Resources","Human Resources","Male","Divorced","Non-Travel",2,3,"Human Resources",1,3,1,2,2592,5,"No",13,3,4,3,13,3,3,11,10,3,8,"35-44","10+ years","Under 3000","1-5","2-3 years",0
1807,"Yes",34,"Research & Development","Laboratory Technician","Male","Married","Travel_Frequently",9,4,"Life Sciences",4,3,2,1,5346,4,"No",17,3,3,1,11,3,2,7,1,0,7,"25-34","6-10 years","5000-6999","6-10","0-1 years",1
1809,"Yes",37,"Research & Development","Manufacturing Director","Male","Single","Travel_Rarely",10,4,"Medical",4,3,2,1,4213,1,"No",15,3,2,0,10,4,1,10,3,0,8,"35-44","6-10 years","3000-4999","6-10","0-1 years",1
1812,"No",39,"Sales","Sales Executive","Male","Divorced","Travel_Frequently",20,3,"Life Sciences",3,3,2,4,4127,2,"No",18,3,4,1,7,6,3,2,1,2,2,"35-44","1-2 years","3000-4999","11-20","2-3 years",0
1813,"No",43,"Research & Development","Research Scientist","Male","Single","Non-Travel",9,3,"Life Sciences",1,3,1,3,2438,4,"No",13,3,3,0,7,2,2,3,2,1,2,"35-44","3-5 years","Under 3000","6-10","0-1 years",0
1814,"No",41,"Research & Development","Healthcare Representative","Male","Single","Travel_Rarely",5,3,"Life Sciences",2,4,2,2,6870,3,"No",12,3,1,0,11,3,1,3,2,1,2,"35-44","3-5 years","5000-6999","1-5","0-1 years",0
1815,"No",41,"Sales","Sales Executive","Female","Divorced","Travel_Rarely",4,1,"Marketing",3,3,3,3,10447,0,"Yes",13,3,4,1,23,3,4,22,14,13,5,"35-44","10+ years","10000+","1-5","6+ years",0
1816,"No",30,"Research & Development","Manufacturing Director","Female","Single","Travel_Rarely",10,3,"Medical",1,3,3,3,9667,9,"No",14,3,2,0,9,3,3,7,7,0,2,"25-34","6-10 years","7000-9999","6-10","0-1 years",0
1818,"Yes",26,"Human Resources","Human Resources","Female","Married","Travel_Rarely",20,2,"Medical",4,3,1,2,2148,0,"Yes",11,3,3,0,6,3,3,5,1,1,4,"25-34","3-5 years","Under 3000","11-20","0-1 years",1
1821,"Yes",46,"Research & Development","Healthcare Representative","Female","Married","Travel_Rarely",21,2,"Medical",4,3,2,2,8926,4,"No",22,4,4,1,13,2,4,9,7,3,7,"45-54","6-10 years","7000-9999","21+","2-3 years",1
1822,"No",40,"Research & Development","Healthcare Representative","Female","Divorced","Travel_Rarely",1,3,"Life Sciences",3,3,2,4,6513,4,"No",17,3,4,1,12,3,3,5,3,0,3,"35-44","3-5 years","5000-6999","1-5","0-1 years",0
1823,"No",34,"Sales","Sales Executive","Male","Married","Travel_Rarely",8,2,"Technical Degree",2,4,2,3,6799,1,"No",21,4,3,2,10,5,3,10,8,4,8,"25-34","6-10 years","5000-6999","6-10","4-5 years",0
1824,"No",58,"Sales","Manager","Male","Divorced","Non-Travel",2,3,"Medical",2,3,4,2,16291,4,"No",22,4,4,1,37,0,2,16,9,14,14,"55+","10+ years","10000+","1-5","6+ years",0
1826,"No",35,"Research & Development","Laboratory Technician","Male","Married","Travel_Rarely",23,4,"Medical",2,1,1,3,2705,0,"No",16,3,2,1,6,2,4,5,4,0,3,"35-44","3-5 years","Under 3000","21+","0-1 years",0
1827,"No",47,"Research & Development","Manufacturing Director","Female","Divorced","Travel_Rarely",4,3,"Life Sciences",3,2,3,2,10333,8,"Yes",12,3,3,1,28,4,3,22,11,14,10,"45-54","10+ years","10000+","1-5","6+ years",0
1829,"No",40,"Research & Development","Healthcare Representative","Female","Divorced","Travel_Rarely",12,3,"Life Sciences",2,3,2,1,4448,2,"No",12,3,2,1,15,3,3,7,4,7,7,"35-44","6-10 years","3000-4999","11-20","6+ years",0
1830,"No",54,"Research & Development","Research Scientist","Female","Married","Travel_Rarely",7,4,"Medical",4,3,2,4,6854,4,"No",15,3,2,1,14,2,2,7,1,1,7,"45-54","6-10 years","5000-6999","6-10","0-1 years",0
1833,"No",31,"Sales","Sales Executive","Female","Married","Travel_Frequently",7,4,"Marketing",1,3,3,1,9637,2,"No",14,3,4,2,9,3,3,3,2,2,2,"25-34","3-5 years","7000-9999","6-10","2-3 years",0
1834,"No",28,"Research & Development","Research Scientist","Female","Married","Travel_Rarely",1,3,"Medical",3,3,1,1,3591,1,"No",25,4,3,1,3,3,3,3,2,1,2,"25-34","3-5 years","3000-4999","1-5","0-1 years",0
1835,"No",38,"Sales","Sales Representative","Female","Married","Travel_Rarely",2,4,"Marketing",2,1,2,4,5405,2,"Yes",20,4,1,2,20,4,2,4,2,0,3,"35-44","3-5 years","5000-6999","1-5","0-1 years",0
1836,"No",26,"Sales","Sales Executive","Male","Single","Travel_Rarely",10,3,"Medical",3,3,2,4,4684,1,"No",13,3,1,0,5,4,3,5,3,1,2,"25-34","3-5 years","3000-4999","6-10","0-1 years",0
1837,"No",58,"Research & Development","Research Director","Male","Married","Travel_Frequently",15,4,"Life Sciences",1,3,4,3,15787,2,"Yes",14,3,2,0,23,3,3,2,2,2,2,"55+","1-2 years","10000+","11-20","2-3 years",0
1839,"No",18,"Research & Development","Research Scientist","Female","Single","Non-Travel",14,3,"Medical",2,3,1,3,1514,1,"No",16,3,3,0,0,4,1,0,0,0,0,"Under 25","Under 1 year","Under 3000","11-20","0-1 years",0
1842,"Yes",31,"Human Resources","Human Resources","Male","Married","Travel_Rarely",18,5,"Human Resources",4,4,1,1,2956,0,"No",17,3,3,0,2,4,3,1,0,0,0,"25-34","1-2 years","Under 3000","11-20","0-1 years",1
1844,"Yes",29,"Human Resources","Human Resources","Male","Divorced","Travel_Rarely",13,3,"Human Resources",1,2,1,1,2335,4,"Yes",15,3,4,3,4,3,3,2,2,2,0,"25-34","1-2 years","Under 3000","11-20","2-3 years",1
1845,"No",45,"Sales","Sales Executive","Female","Married","Non-Travel",2,4,"Life Sciences",3,3,2,3,5154,4,"No",22,4,2,2,10,3,4,8,7,5,7,"45-54","6-10 years","5000-6999","1-5","4-5 years",0
1847,"No",36,"Research & Development","Research Scientist","Female","Married","Travel_Rarely",2,4,"Other",4,3,2,2,6962,4,"Yes",22,4,4,1,15,2,3,1,0,0,0,"35-44","1-2 years","5000-6999","1-5","0-1 years",0
1849,"No",43,"Sales","Sales Executive","Male","Married","Travel_Frequently",2,4,"Life Sciences",1,3,2,4,5675,1,"No",20,4,3,1,7,5,3,7,7,7,7,"35-44","6-10 years","5000-6999","1-5","6+ years",0
1850,"No",27,"Research & Development","Laboratory Technician","Female","Single","Travel_Frequently",5,2,"Life Sciences",4,3,1,4,2379,0,"Yes",14,3,3,0,6,3,2,5,4,0,2,"25-34","3-5 years","Under 3000","1-5","0-1 years",0
1852,"No",29,"Research & Development","Laboratory Technician","Male","Married","Travel_Frequently",20,1,"Medical",4,3,1,4,3812,1,"No",13,3,2,0,11,3,4,11,8,3,10,"25-34","10+ years","3000-4999","11-20","2-3 years",0
1853,"No",32,"Sales","Sales Executive","Male","Single","Travel_Frequently",10,4,"Marketing",4,3,2,4,4648,8,"No",13,3,3,0,4,2,4,0,0,0,0,"25-34","Under 1 year","3000-4999","6-10","0-1 years",0
1854,"No",42,"Research & Development","Research Scientist","Male","Married","Non-Travel",10,4,"Technical Degree",3,3,1,3,2936,3,"No",22,4,2,2,10,1,2,6,3,3,3,"35-44","6-10 years","Under 3000","6-10","2-3 years",0
1856,"No",47,"Research & Development","Laboratory Technician","Female","Single","Travel_Rarely",9,4,"Life Sciences",2,3,1,3,2105,4,"No",12,3,3,0,7,2,3,2,2,2,0,"45-54","1-2 years","Under 3000","6-10","2-3 years",0
1857,"No",46,"Research & Development","Manufacturing Director","Male","Divorced","Travel_Rarely",2,2,"Life Sciences",4,3,3,4,8578,3,"No",14,3,3,1,12,4,2,9,8,4,7,"45-54","6-10 years","7000-9999","1-5","4-5 years",0
1858,"No",28,"Human Resources","Human Resources","Male","Divorced","Non-Travel",1,2,"Life Sciences",3,3,1,4,2706,1,"No",15,3,2,1,3,2,3,3,2,2,2,"25-34","3-5 years","Under 3000","1-5","2-3 years",0
1859,"No",29,"Research & Development","Healthcare Representative","Male","Divorced","Travel_Rarely",29,1,"Life Sciences",4,1,2,3,6384,8,"No",17,3,4,2,11,3,3,7,0,1,6,"25-34","6-10 years","5000-6999","21+","0-1 years",0
1860,"No",42,"Research & Development","Laboratory Technician","Male","Single","Travel_Rarely",8,3,"Life Sciences",4,3,1,3,3968,4,"No",13,3,4,0,8,3,3,0,0,0,0,"35-44","Under 1 year","3000-4999","6-10","0-1 years",0
1862,"Yes",32,"Sales","Sales Executive","Male","Single","Travel_Rarely",2,4,"Marketing",3,2,2,2,9907,7,"Yes",12,3,3,0,7,3,2,2,2,2,2,"25-34","1-2 years","7000-9999","1-5","2-3 years",1
1863,"No",46,"Sales","Sales Executive","Female","Divorced","Travel_Rarely",3,3,"Technical Degree",1,4,4,1,13225,2,"No",12,3,4,1,25,5,3,19,17,2,8,"45-54","10+ years","10000+","1-5","2-3 years",0
1864,"No",27,"Sales","Sales Representative","Female","Married","Travel_Rarely",23,1,"Medical",2,2,2,3,3540,1,"No",21,4,4,1,9,5,3,9,8,5,8,"25-34","6-10 years","3000-4999","21+","4-5 years",0
1865,"No",29,"Human Resources","Human Resources","Male","Married","Travel_Rarely",6,1,"Medical",4,2,1,2,2804,1,"No",11,3,4,0,1,3,3,1,0,0,0,"25-34","1-2 years","Under 3000","6-10","0-1 years",0
1866,"No",43,"Research & Development","Manager","Female","Married","Travel_Rarely",6,3,"Medical",1,2,5,3,19392,7,"No",13,3,4,0,21,2,3,16,12,6,14,"35-44","10+ years","10000+","6-10","6+ years",0
1867,"No",48,"Research & Development","Research Director","Male","Married","Travel_Rarely",10,3,"Life Sciences",4,2,5,2,19665,4,"No",12,3,4,0,29,3,3,22,10,12,9,"45-54","10+ years","10000+","6-10","6+ years",0
1868,"Yes",29,"Research & Development","Research Scientist","Male","Single","Travel_Frequently",24,2,"Life Sciences",4,2,1,4,2439,1,"Yes",24,4,2,0,1,3,2,1,0,1,0,"25-34","1-2 years","Under 3000","21+","0-1 years",1
1869,"Yes",46,"Sales","Sales Executive","Female","Married","Travel_Rarely",10,3,"Life Sciences",3,3,3,2,7314,5,"No",21,4,3,3,14,2,3,8,7,0,7,"45-54","6-10 years","7000-9999","6-10","0-1 years",1
1870,"No",27,"Research & Development","Research Scientist","Female","Married","Travel_Frequently",15,3,"Life Sciences",4,2,1,1,4774,0,"No",19,3,4,1,8,2,2,7,6,7,3,"25-34","6-10 years","3000-4999","11-20","6+ years",0
1871,"No",39,"Research & Development","Research Scientist","Male","Divorced","Travel_Rarely",19,4,"Other",4,3,2,4,3902,8,"No",14,3,2,3,7,2,3,2,2,2,2,"35-44","1-2 years","3000-4999","11-20","2-3 years",0
1873,"No",55,"Research & Development","Research Scientist","Male","Married","Travel_Rarely",2,4,"Technical Degree",2,2,1,4,2662,8,"No",20,4,2,1,19,2,4,5,2,0,4,"55+","3-5 years","Under 3000","1-5","0-1 years",0
1875,"No",28,"Sales","Sales Representative","Female","Married","Travel_Rarely",3,3,"Medical",2,3,1,2,2856,1,"No",19,3,4,1,1,3,3,1,0,0,0,"25-34","1-2 years","Under 3000","1-5","0-1 years",0
1876,"Yes",30,"Sales","Sales Representative","Male","Single","Travel_Rarely",9,3,"Medical",2,3,1,4,1081,1,"No",13,3,3,0,1,3,2,1,0,0,0,"25-34","1-2 years","Under 3000","6-10","0-1 years",1
1878,"Yes",22,"Research & Development","Research Scientist","Male","Single","Travel_Rarely",7,1,"Life Sciences",4,3,1,2,2472,1,"Yes",23,4,1,0,1,2,3,1,0,0,0,"Under 25","1-2 years","Under 3000","6-10","0-1 years",1
1880,"No",36,"Sales","Sales Executive","Female","Married","Travel_Rarely",10,4,"Technical Degree",2,2,2,3,5673,1,"Yes",13,3,1,1,10,4,3,10,9,1,7,"35-44","6-10 years","5000-6999","6-10","0-1 years",0
1881,"No",31,"Research & Development","Laboratory Technician","Male","Divorced","Travel_Rarely",20,3,"Life Sciences",2,3,2,3,4197,1,"No",11,3,1,1,10,2,3,10,8,0,2,"25-34","6-10 years","3000-4999","11-20","0-1 years",0
1882,"No",34,"Sales","Sales Executive","Male","Married","Travel_Rarely",4,3,"Life Sciences",3,3,3,4,9713,2,"Yes",13,3,4,3,9,3,3,5,3,1,0,"25-34","3-5 years","7000-9999","1-5","0-1 years",0
1883,"No",29,"Research & Development","Laboratory Technician","Male","Single","Travel_Rarely",7,3,"Life Sciences",4,3,1,1,2062,3,"No",14,3,2,0,11,2,3,3,2,1,2,"25-34","3-5 years","Under 3000","6-10","0-1 years",0
1885,"No",37,"Research & Development","Research Scientist","Male","Married","Travel_Rarely",7,4,"Medical",4,3,2,1,4284,5,"Yes",22,4,3,1,16,2,3,5,3,0,4,"35-44","3-5 years","3000-4999","6-10","0-1 years",0
1886,"No",35,"Research & Development","Manufacturing Director","Female","Married","Travel_Rarely",16,2,"Other",4,2,2,2,4788,0,"Yes",11,3,4,0,4,2,3,3,2,0,2,"35-44","3-5 years","3000-4999","11-20","0-1 years",0
1888,"No",45,"Research & Development","Manufacturing Director","Female","Married","Travel_Rarely",25,2,"Life Sciences",2,2,2,4,5906,0,"No",13,3,4,2,10,2,2,9,8,3,8,"45-54","6-10 years","5000-6999","21+","2-3 years",0
1890,"No",36,"Human Resources","Human Resources","Male","Single","Travel_Frequently",2,1,"Human Resources",2,2,2,4,3886,1,"No",21,4,4,0,10,2,2,10,1,0,8,"35-44","6-10 years","3000-4999","1-5","0-1 years",0
1892,"No",40,"Research & Development","Manager","Male","Divorced","Travel_Rarely",1,4,"Life Sciences",1,3,4,1,16823,2,"No",11,3,1,1,22,3,3,19,7,11,16,"35-44","10+ years","10000+","1-5","6+ years",0
1893,"No",26,"Research & Development","Research Scientist","Female","Married","Travel_Rarely",1,2,"Life Sciences",2,2,1,3,2933,1,"Yes",13,3,3,1,1,3,2,1,0,1,0,"25-34","1-2 years","Under 3000","1-5","0-1 years",0
1898,"No",27,"Sales","Sales Executive","Female","Single","Travel_Rarely",2,2,"Medical",1,4,2,3,6500,0,"No",14,3,2,0,9,5,2,8,7,0,7,"25-34","6-10 years","5000-6999","1-5","0-1 years",0
1900,"No",48,"Research & Development","Manager","Female","Divorced","Travel_Frequently",22,3,"Medical",4,3,4,4,17174,3,"No",11,3,2,1,24,3,3,22,17,4,7,"45-54","10+ years","10000+","21+","4-5 years",0
1903,"No",44,"Research & Development","Healthcare Representative","Male","Married","Travel_Rarely",1,4,"Life Sciences",2,4,2,1,5033,2,"No",15,3,4,1,10,5,3,2,0,2,2,"35-44","1-2 years","5000-6999","1-5","2-3 years",0
1905,"Yes",34,"Research & Development","Research Scientist","Male","Married","Non-Travel",16,4,"Technical Degree",4,1,1,1,2307,1,"Yes",23,4,2,1,5,2,3,5,2,3,0,"25-34","3-5 years","Under 3000","11-20","2-3 years",1
1907,"Yes",56,"Research & Development","Laboratory Technician","Male","Single","Travel_Rarely",24,2,"Life Sciences",1,3,1,4,2587,1,"No",16,3,4,0,5,3,3,4,2,1,0,"55+","3-5 years","Under 3000","21+","0-1 years",1
1908,"No",36,"Sales","Sales Executive","Male","Married","Travel_Rarely",17,2,"Marketing",3,2,2,2,5507,2,"No",16,3,3,2,12,1,1,4,2,1,3,"35-44","3-5 years","5000-6999","11-20","0-1 years",0
1909,"No",41,"Sales","Sales Executive","Female","Married","Travel_Rarely",8,3,"Marketing",3,3,2,2,4393,5,"No",21,4,3,1,14,3,3,5,4,1,4,"35-44","3-5 years","3000-4999","6-10","0-1 years",0
1911,"No",42,"Research & Development","Research Director","Male","Married","Travel_Rarely",6,3,"Medical",3,3,3,1,13348,9,"No",13,3,2,1,18,3,4,13,7,5,7,"35-44","10+ years","10000+","6-10","4-5 years",0
1912,"No",31,"Sales","Sales Executive","Female","Divorced","Travel_Rarely",10,2,"Medical",3,3,2,4,6583,2,"Yes",11,3,4,1,8,2,3,5,2,1,4,"25-34","3-5 years","5000-6999","6-10","0-1 years",0
1915,"No",34,"Sales","Sales Executive","Female","Married","Travel_Rarely",3,1,"Medical",4,2,2,4,8103,3,"Yes",12,3,3,0,9,3,2,4,2,0,1,"25-34","3-5 years","7000-9999","1-5","0-1 years",0
1916,"No",31,"Research & Development","Laboratory Technician","Female","Divorced","Travel_Rarely",4,3,"Medical",1,4,1,3,3978,8,"No",12,3,2,1,4,0,2,2,2,2,2,"25-34","1-2 years","3000-4999","1-5","2-3 years",0
1918,"No",26,"Research & Development","Laboratory Technician","Male","Married","Travel_Frequently",6,3,"Other",3,4,1,4,2544,0,"No",18,3,1,1,8,3,3,7,7,7,7,"25-34","6-10 years","Under 3000","6-10","6+ years",0
1922,"No",45,"Research & Development","Healthcare Representative","Male","Single","Travel_Frequently",1,4,"Medical",2,3,2,3,5399,4,"No",12,3,3,0,12,3,3,4,2,0,3,"45-54","3-5 years","5000-6999","1-5","0-1 years",0
1924,"No",33,"Sales","Sales Executive","Male","Single","Travel_Rarely",10,4,"Marketing",2,3,2,3,5487,1,"No",14,3,2,0,10,2,2,10,4,0,9,"25-34","6-10 years","5000-6999","6-10","0-1 years",0
1927,"No",28,"Sales","Sales Executive","Male","Married","Travel_Frequently",1,2,"Life Sciences",3,2,2,4,6834,1,"Yes",12,3,3,1,7,2,3,7,7,0,7,"25-34","6-10 years","5000-6999","1-5","0-1 years",0
1928,"Yes",29,"Sales","Sales Representative","Male","Single","Travel_Frequently",24,3,"Technical Degree",3,4,1,1,1091,1,"No",17,3,4,0,1,3,3,1,0,0,0,"25-34","1-2 years","Under 3000","21+","0-1 years",1
1929,"No",39,"Sales","Sales Executive","Female","Married","Non-Travel",21,4,"Life Sciences",1,1,2,3,5736,6,"No",19,3,3,1,10,1,3,3,2,1,2,"35-44","3-5 years","5000-6999","21+","0-1 years",0
1931,"No",27,"Research & Development","Research Scientist","Male","Married","Travel_Rarely",2,4,"Technical Degree",2,3,1,2,2226,1,"No",11,3,3,1,6,3,2,5,3,1,2,"25-34","3-5 years","Under 3000","1-5","0-1 years",0
1932,"No",34,"Research & Development","Research Scientist","Male","Married","Travel_Frequently",22,4,"Other",3,2,2,4,5747,1,"Yes",15,3,2,0,16,3,3,15,10,6,11,"25-34","10+ years","5000-6999","21+","6+ years",0
1933,"Yes",28,"Sales","Sales Executive","Female","Single","Travel_Rarely",13,2,"Marketing",4,3,2,3,9854,3,"Yes",11,3,4,0,6,0,3,2,0,2,2,"25-34","1-2 years","7000-9999","11-20","2-3 years",1
1934,"No",47,"Research & Development","Research Scientist","Male","Married","Non-Travel",14,4,"Technical Degree",3,3,2,2,5467,8,"No",18,3,3,1,16,4,4,8,7,1,7,"45-54","6-10 years","5000-6999","11-20","0-1 years",0
1935,"No",56,"Sales","Sales Executive","Female","Married","Travel_Rarely",11,5,"Marketing",4,2,2,1,5380,4,"No",16,3,3,1,6,3,3,0,0,0,0,"55+","Under 1 year","5000-6999","11-20","0-1 years",0
1936,"No",39,"Research & Development","Manufacturing Director","Male","Married","Travel_Rarely",9,2,"Medical",1,3,2,1,5151,1,"No",25,4,4,1,10,3,3,10,0,7,9,"35-44","6-10 years","5000-6999","6-10","6+ years",0
1937,"No",38,"Research & Development","Research Scientist","Female","Divorced","Travel_Frequently",8,3,"Medical",4,2,2,2,2133,1,"Yes",16,3,3,1,20,3,3,20,11,0,7,"35-44","10+ years","Under 3000","6-10","0-1 years",0
1938,"No",58,"Sales","Manager","Female","Married","Travel_Rarely",21,3,"Life Sciences",4,3,4,4,17875,4,"Yes",13,3,3,1,29,2,2,1,0,0,0,"55+","1-2 years","10000+","21+","0-1 years",0
1939,"Yes",32,"Research & Development","Research Scientist","Female","Single","Travel_Frequently",5,2,"Life Sciences",1,4,1,3,2432,3,"Yes",14,3,1,0,8,2,3,4,1,0,3,"25-34","3-5 years","Under 3000","1-5","0-1 years",1
1940,"No",38,"Research & Development","Research Scientist","Male","Divorced","Travel_Rarely",9,2,"Life Sciences",2,3,1,4,4771,2,"No",19,3,4,2,10,0,4,5,2,0,3,"35-44","3-5 years","3000-4999","6-10","0-1 years",0
1941,"No",49,"Research & Development","Research Director","Male","Married","Travel_Frequently",2,1,"Life Sciences",2,3,5,4,19161,3,"No",15,3,4,0,28,3,3,5,4,4,3,"45-54","3-5 years","10000+","1-5","4-5 years",0
1943,"No",42,"Sales","Sales Executive","Male","Divorced","Travel_Rarely",12,4,"Marketing",2,3,2,4,5087,3,"Yes",12,3,3,2,14,4,3,0,0,0,0,"35-44","Under 1 year","5000-6999","11-20","0-1 years",0
1944,"Yes",27,"Human Resources","Human Resources","Female","Married","Travel_Frequently",22,3,"Human Resources",1,2,1,2,2863,1,"No",12,3,1,0,1,2,3,1,0,0,0,"25-34","1-2 years","Under 3000","21+","0-1 years",1
1945,"No",35,"Sales","Sales Executive","Male","Married","Travel_Rarely",18,4,"Medical",2,3,2,1,5561,0,"No",16,3,4,1,6,2,1,5,3,0,4,"35-44","3-5 years","5000-6999","11-20","0-1 years",0
1947,"No",28,"Research & Development","Research Scientist","Male","Single","Non-Travel",16,3,"Medical",3,3,1,3,2144,1,"No",14,3,3,0,5,3,2,5,3,1,4,"25-34","3-5 years","Under 3000","11-20","0-1 years",0
1948,"No",31,"Research & Development","Research Scientist","Male","Divorced","Non-Travel",3,2,"Medical",3,3,1,1,3065,1,"Yes",13,3,4,1,4,3,4,4,2,2,3,"25-34","3-5 years","3000-4999","1-5","2-3 years",0
1949,"No",36,"Research & Development","Laboratory Technician","Male","Married","Non-Travel",9,4,"Life Sciences",1,4,1,2,2810,1,"No",22,4,2,0,5,3,3,5,4,0,2,"35-44","3-5 years","Under 3000","6-10","0-1 years",0
1950,"No",34,"Sales","Sales Executive","Male","Single","Travel_Rarely",1,3,"Marketing",1,3,3,4,9888,1,"No",21,4,1,0,14,3,2,14,8,2,1,"25-34","10+ years","7000-9999","1-5","2-3 years",0
1951,"No",34,"Sales","Sales Executive","Male","Divorced","Travel_Rarely",13,4,"Medical",4,3,3,3,8628,1,"No",18,3,3,1,9,2,2,8,7,1,1,"25-34","6-10 years","7000-9999","11-20","0-1 years",0
1952,"No",26,"Research & Development","Laboratory Technician","Male","Single","Travel_Rarely",1,3,"Medical",3,3,1,1,2867,0,"No",13,3,4,0,8,6,2,7,7,7,6,"25-34","6-10 years","Under 3000","1-5","6+ years",0
1954,"No",29,"Research & Development","Healthcare Representative","Male","Married","Travel_Rarely",1,3,"Life Sciences",1,3,2,1,5373,0,"No",12,3,1,1,6,5,2,5,3,0,2,"25-34","3-5 years","5000-6999","1-5","0-1 years",0
1955,"No",32,"Research & Development","Healthcare Representative","Female","Divorced","Non-Travel",15,4,"Medical",3,3,2,4,6667,5,"No",18,3,2,1,9,6,3,5,1,1,2,"25-34","3-5 years","5000-6999","11-20","0-1 years",0
1956,"No",31,"Research & Development","Research Scientist","Male","Married","Travel_Frequently",1,3,"Life Sciences",4,1,2,1,5003,1,"No",21,4,2,0,10,6,3,10,8,8,7,"25-34","6-10 years","5000-6999","1-5","6+ years",0
1960,"Yes",28,"Research & Development","Laboratory Technician","Male","Divorced","Travel_Rarely",17,3,"Technical Degree",3,2,1,4,2367,5,"No",12,3,1,1,6,2,2,4,1,0,3,"25-34","3-5 years","Under 3000","11-20","0-1 years",1
1961,"No",38,"Sales","Sales Representative","Male","Single","Travel_Rarely",1,3,"Life Sciences",1,2,1,1,2858,4,"No",14,3,1,0,20,3,2,1,0,0,0,"35-44","1-2 years","Under 3000","1-5","0-1 years",0
1962,"No",35,"Sales","Sales Executive","Female","Married","Travel_Rarely",7,4,"Life Sciences",3,3,2,4,5204,1,"Yes",11,3,4,0,10,2,3,10,8,0,9,"35-44","6-10 years","5000-6999","6-10","0-1 years",0
1965,"No",27,"Sales","Sales Executive","Male","Single","Travel_Rarely",9,3,"Marketing",4,3,2,4,4105,1,"No",14,3,1,0,7,5,3,7,7,0,7,"25-34","6-10 years","3000-4999","6-10","0-1 years",0
1966,"No",32,"Research & Development","Manufacturing Director","Male","Single","Travel_Rarely",5,4,"Life Sciences",4,2,2,4,9679,8,"No",24,4,2,0,8,1,3,1,0,0,0,"25-34","1-2 years","7000-9999","1-5","0-1 years",0
1967,"Yes",31,"Sales","Sales Executive","Male","Married","Travel_Frequently",26,4,"Marketing",1,3,2,4,5617,1,"Yes",11,3,3,0,10,4,3,10,7,0,8,"25-34","6-10 years","5000-6999","21+","0-1 years",1
1968,"Yes",53,"Sales","Sales Executive","Male","Single","Travel_Rarely",24,4,"Life Sciences",1,3,3,1,10448,6,"Yes",13,3,2,0,15,2,2,2,2,2,2,"45-54","1-2 years","10000+","21+","2-3 years",1
1969,"No",54,"Research & Development","Research Scientist","Female","Married","Travel_Rarely",9,2,"Life Sciences",1,3,2,3,2897,3,"No",11,3,3,2,9,6,2,4,3,2,3,"45-54","3-5 years","Under 3000","6-10","2-3 years",0
1970,"No",33,"Research & Development","Healthcare Representative","Male","Divorced","Travel_Frequently",7,2,"Life Sciences",4,3,2,3,5968,1,"No",20,4,3,3,9,2,3,9,7,2,8,"25-34","6-10 years","5000-6999","6-10","2-3 years",0
1971,"No",43,"Research & Development","Healthcare Representative","Male","Married","Travel_Rarely",11,3,"Life Sciences",1,3,3,3,7510,1,"No",17,3,2,1,10,1,3,10,9,0,9,"35-44","6-10 years","7000-9999","11-20","0-1 years",0
1972,"No",38,"Human Resources","Human Resources","Male","Married","Travel_Frequently",1,4,"Other",4,3,1,2,2991,0,"Yes",11,3,2,1,7,2,3,6,2,1,2,"35-44","6-10 years","Under 3000","1-5","0-1 years",0
1973,"No",55,"Human Resources","Manager","Male","Married","Travel_Rarely",26,4,"Human Resources",3,4,5,2,19636,4,"Yes",18,3,1,1,35,0,3,10,9,1,4,"55+","6-10 years","10000+","21+","0-1 years",0
1974,"No",31,"Research & Development","Laboratory Technician","Female","Divorced","Travel_Rarely",2,1,"Medical",4,1,1,4,1129,1,"Yes",11,3,3,3,1,4,3,1,0,0,0,"25-34","1-2 years","Under 3000","1-5","0-1 years",0
1975,"No",39,"Sales","Sales Executive","Male","Single","Travel_Rarely",15,4,"Marketing",2,3,4,1,13341,0,"No",12,3,1,0,21,3,3,20,8,11,10,"35-44","10+ years","10000+","11-20","6+ years",0
1976,"No",42,"Research & Development","Research Scientist","Male","Single","Non-Travel",23,2,"Life Sciences",4,2,2,3,4332,1,"No",12,3,4,0,20,2,3,20,9,3,7,"35-44","10+ years","3000-4999","21+","2-3 years",0
1979,"No",31,"Research & Development","Research Director","Female","Married","Non-Travel",10,3,"Medical",3,3,3,3,11031,4,"No",20,4,3,1,13,2,4,11,7,4,8,"25-34","10+ years","10000+","6-10","4-5 years",0
1980,"No",54,"Research & Development","Manufacturing Director","Female","Single","Travel_Rarely",10,3,"Medical",3,3,2,1,4440,6,"Yes",19,3,4,0,9,3,3,5,2,1,4,"45-54","3-5 years","3000-4999","6-10","0-1 years",0
1981,"No",24,"Research & Development","Healthcare Representative","Male","Single","Travel_Rarely",1,2,"Life Sciences",2,2,2,3,4617,1,"No",12,3,2,0,4,2,2,4,3,1,2,"Under 25","3-5 years","3000-4999","1-5","0-1 years",0
1982,"No",23,"Research & Development","Laboratory Technician","Male","Single","Travel_Rarely",12,2,"Other",4,3,1,4,2647,1,"No",13,3,3,0,5,6,4,5,2,1,4,"Under 25","3-5 years","Under 3000","11-20","0-1 years",0
1985,"No",40,"Research & Development","Laboratory Technician","Female","Married","Travel_Frequently",11,3,"Technical Degree",4,3,2,3,6323,1,"No",11,3,1,1,10,2,4,10,9,9,4,"35-44","6-10 years","5000-6999","11-20","6+ years",0
1986,"No",40,"Sales","Sales Executive","Female","Married","Travel_Rarely",2,2,"Marketing",2,3,2,2,5677,3,"No",14,3,3,1,15,4,3,11,8,5,10,"35-44","10+ years","5000-6999","1-5","4-5 years",0
1987,"No",25,"Human Resources","Human Resources","Female","Married","Travel_Rarely",2,3,"Human Resources",3,3,1,2,2187,4,"No",14,3,3,0,6,3,3,2,0,1,2,"25-34","1-2 years","Under 3000","1-5","0-1 years",0
1989,"No",30,"Research & Development","Laboratory Technician","Male","Married","Travel_Rarely",1,2,"Medical",4,3,1,2,3748,1,"No",13,3,3,0,12,6,2,12,8,1,7,"25-34","10+ years","3000-4999","1-5","0-1 years",0
1992,"No",25,"Research & Development","Laboratory Technician","Male","Divorced","Travel_Rarely",2,1,"Other",4,3,1,3,3977,6,"Yes",19,3,3,1,7,2,2,2,2,0,2,"25-34","1-2 years","3000-4999","1-5","0-1 years",0
1993,"No",47,"Research & Development","Healthcare Representative","Male","Single","Travel_Rarely",25,3,"Medical",1,3,3,3,8633,2,"No",23,4,2,0,25,3,3,17,14,12,11,"45-54","10+ years","7000-9999","21+","6+ years",0
1994,"No",33,"Research & Development","Laboratory Technician","Male","Divorced","Non-Travel",1,2,"Medical",2,2,1,3,2008,1,"No",12,3,3,3,1,2,2,1,1,0,0,"25-34","1-2 years","Under 3000","1-5","0-1 years",0
1995,"No",38,"Sales","Sales Executive","Male","Married","Travel_Rarely",1,4,"Life Sciences",4,3,2,2,4440,0,"No",15,3,1,2,16,3,3,15,13,5,8,"35-44","10+ years","3000-4999","1-5","4-5 years",0
1996,"No",31,"Sales","Sales Representative","Male","Married","Travel_Rarely",2,2,"Life Sciences",1,3,1,3,3067,0,"No",19,3,3,1,3,1,3,2,2,1,2,"25-34","1-2 years","3000-4999","1-5","0-1 years",0
1997,"No",38,"Research & Development","Manufacturing Director","Male","Married","Travel_Frequently",6,4,"Life Sciences",1,2,2,3,5321,2,"No",11,3,4,1,10,1,3,8,3,7,7,"35-44","6-10 years","5000-6999","6-10","6+ years",0
1998,"No",42,"Research & Development","Research Scientist","Male","Divorced","Travel_Rarely",18,4,"Life Sciences",4,3,2,1,5410,6,"Yes",17,3,3,1,9,3,2,4,3,1,2,"35-44","3-5 years","5000-6999","11-20","0-1 years",0
1999,"No",41,"Research & Development","Research Scientist","Male","Married","Travel_Rarely",1,3,"Life Sciences",4,3,1,4,2782,3,"No",22,4,1,1,12,3,3,5,3,1,0,"35-44","3-5 years","Under 3000","1-5","0-1 years",0
2000,"No",47,"Research & Development","Research Director","Female","Married","Non-Travel",1,1,"Medical",3,3,3,2,11957,0,"No",18,3,1,2,14,3,1,13,8,5,12,"45-54","10+ years","10000+","1-5","4-5 years",0
2003,"No",35,"Research & Development","Laboratory Technician","Male","Married","Travel_Rarely",11,4,"Medical",4,3,1,3,2660,7,"Yes",11,3,3,1,5,3,3,2,2,2,2,"35-44","1-2 years","Under 3000","11-20","2-3 years",0
2007,"No",22,"Research & Development","Research Scientist","Male","Single","Travel_Rarely",1,2,"Life Sciences",4,3,1,3,3375,0,"No",12,3,4,0,4,2,4,3,2,1,2,"Under 25","3-5 years","3000-4999","1-5","0-1 years",0
2008,"No",35,"Research & Development","Research Scientist","Male","Single","Travel_Rarely",9,4,"Medical",2,3,2,3,5098,1,"No",19,3,2,0,10,5,3,10,7,0,8,"35-44","6-10 years","5000-6999","6-10","0-1 years",0
2009,"No",33,"Research & Development","Healthcare Representative","Female","Married","Travel_Rarely",15,2,"Medical",2,3,2,4,4878,0,"Yes",13,3,1,1,10,6,3,9,7,8,1,"25-34","6-10 years","3000-4999","11-20","6+ years",0
2010,"No",32,"Research & Development","Laboratory Technician","Female","Single","Travel_Rarely",29,4,"Life Sciences",3,2,1,2,2837,1,"No",13,3,3,0,6,3,3,6,2,4,1,"25-34","6-10 years","Under 3000","21+","4-5 years",0
2012,"No",40,"Research & Development","Laboratory Technician","Male","Married","Travel_Rarely",1,4,"Life Sciences",1,3,1,4,2406,8,"No",19,3,3,2,8,3,2,1,0,0,0,"35-44","1-2 years","Under 3000","1-5","0-1 years",0
2013,"No",32,"Sales","Sales Representative","Male","Married","Travel_Rarely",1,4,"Medical",2,2,1,2,2269,0,"No",14,3,2,1,3,2,3,2,2,2,2,"25-34","1-2 years","Under 3000","1-5","2-3 years",0
2014,"No",39,"Research & Development","Research Scientist","Male","Single","Travel_Rarely",24,1,"Life Sciences",1,3,2,4,4108,7,"No",13,3,1,0,18,2,3,7,7,1,7,"35-44","6-10 years","3000-4999","21+","0-1 years",0
2015,"No",38,"Research & Development","Research Director","Female","Married","Travel_Rarely",10,3,"Medical",2,1,3,3,13206,3,"No",12,3,1,1,20,3,3,18,16,1,11,"35-44","10+ years","10000+","6-10","0-1 years",0
2016,"No",32,"Sales","Sales Executive","Female","Married","Travel_Rarely",1,4,"Marketing",3,3,3,4,10422,1,"No",19,3,3,2,14,3,3,14,10,5,7,"25-34","10+ years","10000+","1-5","4-5 years",0
2017,"No",37,"Research & Development","Research Director","Female","Married","Travel_Rarely",10,3,"Life Sciences",3,4,3,4,13744,1,"Yes",25,4,1,1,16,2,3,16,11,6,8,"35-44","10+ years","10000+","6-10","6+ years",0
2018,"No",25,"Sales","Sales Executive","Female","Divorced","Travel_Rarely",8,2,"Other",1,3,2,3,4907,0,"Yes",22,4,2,1,6,3,2,5,3,0,4,"25-34","3-5 years","3000-4999","6-10","0-1 years",0
2019,"No",52,"Sales","Sales Representative","Male","Divorced","Non-Travel",29,4,"Life Sciences",1,3,1,4,3482,2,"No",15,3,2,2,16,3,2,9,8,0,0,"45-54","6-10 years","3000-4999","21+","0-1 years",0
2020,"No",44,"Research & Development","Research Scientist","Male","Single","Travel_Rarely",1,3,"Medical",2,3,1,4,2436,6,"Yes",12,3,3,0,6,2,3,4,3,1,2,"35-44","3-5 years","Under 3000","1-5","0-1 years",0
2021,"No",21,"Sales","Sales Representative","Male","Single","Travel_Rarely",5,1,"Medical",3,3,1,1,2380,1,"Yes",11,3,4,0,2,6,3,2,2,1,2,"Under 25","1-2 years","Under 3000","1-5","0-1 years",0
2022,"No",39,"Research & Development","Manager","Male","Single","Non-Travel",9,3,"Life Sciences",4,3,5,4,19431,2,"No",13,3,3,0,21,3,2,6,0,1,3,"35-44","6-10 years","10000+","6-10","0-1 years",0
2023,"Yes",23,"Sales","Sales Representative","Male","Married","Travel_Frequently",9,3,"Marketing",4,3,1,1,1790,1,"No",19,3,1,1,1,3,2,1,0,1,0,"Under 25","1-2 years","Under 3000","6-10","0-1 years",1
2024,"No",36,"Sales","Sales Executive","Female","Married","Travel_Rarely",3,3,"Medical",1,2,3,4,7644,0,"No",19,3,3,2,10,2,3,9,7,3,4,"35-44","6-10 years","7000-9999","1-5","2-3 years",0
2025,"No",36,"Research & Development","Manufacturing Director","Female","Divorced","Travel_Frequently",4,2,"Life Sciences",4,3,2,2,5131,7,"No",13,3,2,3,18,3,3,4,2,0,2,"35-44","3-5 years","5000-6999","1-5","0-1 years",0
2026,"No",56,"Research & Development","Healthcare Representative","Male","Divorced","Non-Travel",1,4,"Life Sciences",3,3,2,3,6306,1,"No",21,4,1,1,13,2,2,13,12,1,9,"55+","10+ years","5000-6999","1-5","0-1 years",0
2027,"Yes",29,"Research & Development","Research Scientist","Male","Married","Travel_Rarely",1,4,"Medical",1,3,1,4,4787,9,"Yes",14,3,2,3,4,3,4,2,2,2,2,"25-34","1-2 years","3000-4999","1-5","2-3 years",1
2031,"No",42,"Research & Development","Manager","Male","Married","Travel_Rarely",2,3,"Life Sciences",1,3,5,3,18880,5,"No",11,3,1,0,24,2,2,22,6,4,14,"35-44","10+ years","10000+","1-5","4-5 years",0
2032,"Yes",56,"Research & Development","Laboratory Technician","Male","Married","Travel_Rarely",7,2,"Technical Degree",4,3,1,3,2339,8,"No",11,3,4,1,14,4,1,10,9,9,8,"55+","6-10 years","Under 3000","6-10","6+ years",1
2034,"No",41,"Research & Development","Manufacturing Director","Female","Married","Travel_Rarely",28,4,"Life Sciences",1,2,4,2,13570,0,"No",23,4,3,1,21,3,3,20,7,0,10,"35-44","10+ years","10000+","21+","0-1 years",0
2035,"No",34,"Sales","Sales Executive","Female","Married","Travel_Rarely",28,3,"Marketing",4,2,2,3,6712,1,"No",21,4,4,2,8,2,3,8,7,1,7,"25-34","6-10 years","5000-6999","21+","0-1 years",0
2036,"No",36,"Sales","Sales Executive","Male","Divorced","Non-Travel",15,4,"Marketing",4,1,2,4,5406,1,"No",24,4,1,1,15,4,2,15,12,11,11,"35-44","10+ years","5000-6999","11-20","6+ years",0
2037,"No",41,"Sales","Sales Executive","Male","Divorced","Travel_Rarely",3,3,"Life Sciences",3,2,2,2,8938,2,"No",11,3,3,1,14,5,3,5,4,0,4,"35-44","3-5 years","7000-9999","1-5","0-1 years",0
2038,"No",32,"Research & Development","Research Scientist","Male","Single","Travel_Rarely",2,3,"Technical Degree",4,3,1,1,2439,1,"No",14,3,4,0,4,4,3,4,2,1,2,"25-34","3-5 years","Under 3000","1-5","0-1 years",0
2040,"No",35,"Human Resources","Human Resources","Female","Single","Travel_Rarely",26,4,"Life Sciences",3,3,3,4,8837,1,"Yes",16,3,3,0,9,2,3,9,0,1,7,"35-44","6-10 years","7000-9999","21+","0-1 years",0
2041,"No",38,"Sales","Sales Executive","Female","Married","Travel_Rarely",10,2,"Life Sciences",1,3,2,4,5343,1,"No",11,3,3,1,10,1,3,10,7,1,9,"35-44","6-10 years","5000-6999","6-10","0-1 years",0
2044,"Yes",50,"Sales","Sales Executive","Male","Divorced","Travel_Frequently",1,4,"Life Sciences",2,3,2,3,6728,7,"No",12,3,4,2,12,3,3,6,3,0,1,"45-54","6-10 years","5000-6999","1-5","0-1 years",1
2045,"No",36,"Sales","Sales Executive","Female","Married","Travel_Rarely",11,4,"Marketing",2,2,2,4,6652,4,"No",13,3,1,1,8,2,2,6,3,0,0,"35-44","6-10 years","5000-6999","11-20","0-1 years",0
2046,"No",45,"Sales","Sales Executive","Female","Single","Travel_Rarely",20,3,"Life Sciences",4,3,2,3,4850,8,"No",15,3,3,0,8,3,3,5,3,0,1,"45-54","3-5 years","3000-4999","11-20","0-1 years",0
2048,"No",40,"Research & Development","Research Scientist","Male","Single","Travel_Rarely",2,4,"Life Sciences",3,2,1,3,2809,2,"No",14,3,4,0,8,2,3,2,2,2,2,"35-44","1-2 years","Under 3000","1-5","2-3 years",0
2049,"No",35,"Research & Development","Healthcare Representative","Male","Married","Travel_Frequently",18,4,"Life Sciences",3,3,2,3,5689,1,"Yes",14,3,4,2,10,2,4,10,2,0,2,"35-44","6-10 years","5000-6999","11-20","0-1 years",0
2051,"No",40,"Research & Development","Research Scientist","Female","Married","Travel_Rarely",2,4,"Medical",3,3,1,3,2001,2,"No",14,3,2,3,20,2,3,5,3,0,2,"35-44","3-5 years","Under 3000","1-5","0-1 years",0
2052,"No",35,"Research & Development","Research Scientist","Female","Married","Travel_Rarely",1,4,"Life Sciences",3,1,1,4,2977,1,"No",12,3,4,1,4,5,3,4,3,1,1,"35-44","3-5 years","Under 3000","1-5","0-1 years",0
2053,"No",29,"Research & Development","Laboratory Technician","Male","Married","Travel_Rarely",13,2,"Other",4,2,2,2,4025,4,"Yes",13,3,1,1,10,2,3,4,3,0,3,"25-34","3-5 years","3000-4999","11-20","0-1 years",0
2054,"No",29,"Research & Development","Research Scientist","Female","Single","Travel_Rarely",28,4,"Medical",4,2,1,1,3785,1,"No",14,3,2,0,5,3,1,5,4,0,4,"25-34","3-5 years","3000-4999","21+","0-1 years",0
2055,"Yes",50,"Sales","Sales Executive","Male","Divorced","Travel_Rarely",28,3,"Marketing",4,2,3,1,10854,4,"Yes",13,3,2,1,20,3,3,3,2,2,0,"45-54","3-5 years","10000+","21+","2-3 years",1
2056,"No",39,"Sales","Sales Executive","Female","Married","Travel_Rarely",24,1,"Marketing",2,2,4,4,12031,0,"No",11,3,1,1,21,2,2,20,9,9,6,"35-44","10+ years","10000+","21+","6+ years",0
2057,"No",31,"Research & Development","Manufacturing Director","Male","Single","Non-Travel",5,3,"Medical",2,3,2,1,9936,0,"No",19,3,2,0,10,2,3,9,4,1,7,"25-34","6-10 years","7000-9999","1-5","0-1 years",0
2060,"No",26,"Sales","Sales Representative","Female","Single","Travel_Rarely",5,3,"Other",4,2,1,3,2966,0,"No",18,3,4,0,5,2,3,4,2,0,0,"25-34","3-5 years","Under 3000","1-5","0-1 years",0
2061,"No",36,"Research & Development","Laboratory Technician","Male","Married","Travel_Frequently",23,2,"Medical",3,4,2,4,2571,4,"No",17,3,3,1,17,3,3,5,2,0,3,"35-44","3-5 years","Under 3000","21+","0-1 years",0
2062,"No",39,"Research & Development","Healthcare Representative","Male","Married","Travel_Rarely",6,1,"Medical",4,2,3,1,9991,4,"No",15,3,1,1,9,5,3,7,7,1,7,"35-44","6-10 years","7000-9999","6-10","0-1 years",0
2064,"No",27,"Research & Development","Manufacturing Director","Male","Married","Travel_Rarely",4,3,"Life Sciences",2,4,2,2,6142,1,"Yes",20,4,2,1,6,0,3,6,2,0,3,"25-34","6-10 years","5000-6999","1-5","0-1 years",0
2065,"No",49,"Sales","Sales Executive","Male","Married","Travel_Frequently",2,3,"Medical",4,2,2,2,5390,2,"No",14,3,4,0,17,3,2,9,6,0,8,"45-54","6-10 years","5000-6999","1-5","0-1 years",0
2068,"No",34,"Research & Development","Laboratory Technician","Male","Married","Travel_Rarely",8,3,"Medical",2,4,2,3,4404,2,"No",12,3,1,0,6,3,4,4,3,1,2,"25-34","3-5 years","3000-4999","6-10","0-1 years",0
